fecha,producto,precio_farmacity,lista_farmacity,precio_farmaplus,lista_farmaplus,precio_selma,lista_selma
2026-03-08,Nivea Sun Tono Medio,$ 17.003,NA,$ 15.906,$ 26.510,18309.0,30515.0
2026-03-08,Vichy Capital Soleil,$ 43.922,NA,$ 43.922,$ 79.859,42705.0,85410.0
2026-03-08,Caviahue Contorno de Ojos,$ 36.400,NA,$ 36.400,$ 52.000,36400.0,52000.0
2026-03-08,Maybelline Rubor Líquido Face Sunkisser,$ 32.995,NA,$ 32.990,NA,NA,NA
2026-03-08,Isdin Fusion Water Magic,$ 40.803,NA,$ 35.621,$ 64.766,40802.0,68004.0
2026-03-08,102 Magnesio Citrato Vitaminas Y Minerales Gummies 90 Unidades,$ 19.846,NA,$ 14.886,$ 19.848,15879.0,19848.0
2026-03-08,Serum Ojos Anti Ojeras Glycolic Bright L´Oreal Paris,$ 39.090,NA,$ 39.090,NA,NA,NA
2026-03-08,Brillo Labial Voluminizador Maybelline Lifter Plump,$ 31.984,NA,$ 31.990,NA,NA,NA
2026-03-08,L'oréal Paris Revitalift Sérum Ácido Hialurónico 30ml,$ 28.725,NA,$ 27.943,$ 42.990,NA,NA
2026-03-08,Agua Micelar Skin Active Con Ácido Salicílico 400ml,$ 19.990,NA,$ 19.990,NA,NA,NA
2026-03-09,Nivea Sun Tono Medio,$ 17.003,NA,$ 15.906,$ 26.510,18309.0,30515.0
2026-03-09,Vichy Capital Soleil,$ 43.922,NA,$ 43.922,$ 79.859,42705.0,85410.0
2026-03-09,Caviahue Contorno de Ojos,$ 36.400,NA,$ 36.400,$ 52.000,36400.0,52000.0
2026-03-09,Maybelline Rubor Líquido Face Sunkisser,$ 32.995,NA,$ 32.990,NA,NA,NA
2026-03-09,Isdin Fusion Water Magic,$ 40.803,NA,$ 35.621,$ 64.766,40802.0,68004.0
2026-03-09,102 Magnesio Citrato Vitaminas Y Minerales Gummies 90 Unidades,$ 19.846,NA,$ 14.886,$ 19.848,15879.0,19848.0
2026-03-09,Serum Ojos Anti Ojeras Glycolic Bright L´Oreal Paris,$ 23.454,NA,$ 23.454,$ 39.090,NA,NA
2026-03-09,Brillo Labial Voluminizador Maybelline Lifter Plump,$ 19.190,NA,$ 19.194,$ 31.990,NA,NA
2026-03-09,L'oréal Paris Revitalift Sérum Ácido Hialurónico 30ml,$ 26.515,NA,$ 25.794,$ 42.990,NA,NA
2026-03-09,Agua Micelar Skin Active Con Ácido Salicílico 400ml,$ 19.990,NA,$ 19.990,NA,NA,NA
2026-03-10,Nivea Sun Tono Medio,$ 17.003,NA,$ 15.906,$ 26.510,18309.0,30515.0
2026-03-10,Vichy Capital Soleil,$ 43.922,NA,$ 43.922,$ 79.859,42705.0,85410.0
2026-03-10,Caviahue Contorno de Ojos,$ 36.400,NA,$ 36.400,$ 52.000,36400.0,52000.0
2026-03-10,Maybelline Rubor Líquido Face Sunkisser,$ 32.995,NA,$ 32.990,NA,NA,NA
2026-03-10,Isdin Fusion Water Magic,$ 40.803,NA,$ 35.621,$ 64.766,40802.0,68004.0
2026-03-10,102 Magnesio Citrato Vitaminas Y Minerales Gummies 90 Unidades,$ 19.846,NA,$ 14.886,$ 19.848,15879.0,19848.0
2026-03-10,Serum Ojos Anti Ojeras Glycolic Bright L´Oreal Paris,$ 23.454,NA,$ 23.454,$ 39.090,NA,NA
2026-03-10,Brillo Labial Voluminizador Maybelline Lifter Plump,$ 19.190,NA,$ 19.194,$ 31.990,NA,NA
2026-03-10,L'oréal Paris Revitalift Sérum Ácido Hialurónico 30ml,$ 26.515,NA,$ 25.794,$ 42.990,NA,NA
2026-03-10,Agua Micelar Skin Active Con Ácido Salicílico 400ml,$ 19.990,NA,$ 19.990,NA,NA,NA
2026-03-11,Nivea Sun Tono Medio,$ 17.003,NA,$ 15.906,$ 26.510,18309.0,30515.0
2026-03-11,Vichy Capital Soleil,$ 43.922,NA,$ 43.922,$ 79.859,42705.0,85410.0
2026-03-11,Caviahue Contorno de Ojos,$ 36.400,NA,$ 36.400,$ 52.000,36400.0,52000.0
2026-03-11,Maybelline Rubor Líquido Face Sunkisser,$ 32.995,NA,$ 32.990,NA,NA,NA
2026-03-11,Isdin Fusion Water Magic,$ 40.803,NA,$ 35.621,$ 64.766,40802.0,68004.0
2026-03-11,102 Magnesio Citrato Vitaminas Y Minerales Gummies 90 Unidades,$ 19.846,NA,$ 14.886,$ 19.848,15879.0,19848.0
2026-03-11,Serum Ojos Anti Ojeras Glycolic Bright L´Oreal Paris,$ 23.454,NA,$ 23.454,$ 39.090,NA,NA
2026-03-11,Brillo Labial Voluminizador Maybelline Lifter Plump,$ 19.190,NA,$ 19.194,$ 31.990,NA,NA
2026-03-11,L'oréal Paris Revitalift Sérum Ácido Hialurónico 30ml,$ 26.515,NA,$ 25.794,$ 42.990,NA,NA
2026-03-11,Agua Micelar Skin Active Con Ácido Salicílico 400ml,$ 19.990,NA,$ 19.990,NA,NA,NA
2026-03-12,Nivea Sun Tono Medio,$ 17.003,NA,$ 15.906,$ 26.510,18309.0,30515.0
2026-03-12,Vichy Capital Soleil,$ 43.922,NA,$ 43.922,$ 79.859,42705.0,85410.0
2026-03-12,Caviahue Contorno de Ojos,$ 36.400,NA,$ 36.400,$ 52.000,36400.0,52000.0
2026-03-12,Maybelline Rubor Líquido Face Sunkisser,$ 32.995,NA,$ 32.990,NA,NA,NA
2026-03-12,Isdin Fusion Water Magic,$ 40.803,NA,$ 35.621,$ 64.766,40802.0,68004.0
2026-03-12,102 Magnesio Citrato Vitaminas Y Minerales Gummies 90 Unidades,$ 19.846,NA,$ 14.886,$ 19.848,15879.0,19848.0
2026-03-12,Serum Ojos Anti Ojeras Glycolic Bright L´Oreal Paris,$ 23.454,NA,$ 23.454,$ 39.090,NA,NA
2026-03-12,Brillo Labial Voluminizador Maybelline Lifter Plump,$ 19.190,NA,$ 19.194,$ 31.990,NA,NA
2026-03-12,L'oréal Paris Revitalift Sérum Ácido Hialurónico 30ml,$ 26.515,NA,$ 25.794,$ 42.990,NA,NA
2026-03-12,Agua Micelar Skin Active Con Ácido Salicílico 400ml,$ 19.990,NA,NA,NA,NA,NA
2026-03-13,Nivea Sun Tono Medio,$ 17.003,NA,$ 15.906,$ 26.510,18309.0,30515.0
2026-03-13,Vichy Capital Soleil,$ 43.922,NA,$ 43.922,$ 79.859,42705.0,85410.0
2026-03-13,Caviahue Contorno de Ojos,$ 36.400,NA,$ 36.400,$ 52.000,36400.0,52000.0
2026-03-13,Maybelline Rubor Líquido Face Sunkisser,$ 32.995,NA,$ 32.990,NA,NA,NA
2026-03-13,Isdin Fusion Water Magic,$ 40.803,NA,$ 35.621,$ 64.766,40802.0,68004.0
2026-03-13,102 Magnesio Citrato Vitaminas Y Minerales Gummies 90 Unidades,$ 19.846,NA,$ 14.886,$ 19.848,15879.0,19848.0
2026-03-13,Serum Ojos Anti Ojeras Glycolic Bright L´Oreal Paris,$ 23.454,NA,$ 23.454,$ 39.090,NA,NA
2026-03-13,Brillo Labial Voluminizador Maybelline Lifter Plump,$ 19.190,NA,$ 19.194,$ 31.990,NA,NA
2026-03-13,L'oréal Paris Revitalift Sérum Ácido Hialurónico 30ml,$ 25.794,NA,$ 25.794,$ 42.990,NA,NA
2026-03-13,Agua Micelar Skin Active Con Ácido Salicílico 400ml,$ 19.990,NA,$ 19.990,NA,NA,NA
2026-03-14,Nivea Sun Tono Medio,$ 17.003,NA,$ 15.906,$ 26.510,18309.0,30515.0
2026-03-14,Vichy Capital Soleil,$ 43.922,NA,$ 43.922,$ 79.859,42705.0,85410.0
2026-03-14,Caviahue Contorno de Ojos,$ 36.400,NA,$ 36.400,$ 52.000,36400.0,52000.0
2026-03-14,Maybelline Rubor Líquido Face Sunkisser,$ 32.995,NA,$ 32.990,NA,NA,NA
2026-03-14,Isdin Fusion Water Magic,$ 40.803,NA,$ 35.621,$ 64.766,40802.0,68004.0
2026-03-14,102 Magnesio Citrato Vitaminas Y Minerales Gummies 90 Unidades,$ 19.846,NA,$ 14.886,$ 19.848,15879.0,19848.0
2026-03-14,Serum Ojos Anti Ojeras Glycolic Bright L´Oreal Paris,$ 23.454,NA,$ 23.454,$ 39.090,NA,NA
2026-03-14,Brillo Labial Voluminizador Maybelline Lifter Plump,$ 19.190,NA,$ 19.194,$ 31.990,NA,NA
2026-03-14,L'oréal Paris Revitalift Sérum Ácido Hialurónico 30ml,$ 25.794,NA,$ 25.794,$ 42.990,NA,NA
2026-03-14,Agua Micelar Skin Active Con Ácido Salicílico 400ml,$ 19.990,NA,$ 19.990,NA,NA,NA
2026-03-15,Nivea Sun Tono Medio,$ 17.003,NA,$ 15.906,$ 26.510,16783.0,30515.0
2026-03-15,Vichy Capital Soleil,$ 43.922,NA,$ 43.922,$ 79.859,42702.0,85410.0
2026-03-15,Caviahue Contorno de Ojos,$ 36.400,NA,$ 36.400,$ 52.000,36400.0,52000.0
2026-03-15,Maybelline Rubor Líquido Face Sunkisser,$ 32.995,NA,$ 32.990,NA,NA,NA
2026-03-15,Isdin Fusion Water Magic,$ 40.803,NA,$ 35.621,$ 64.766,37399.0,68004.0
2026-03-15,102 Magnesio Citrato Vitaminas Y Minerales Gummies 90 Unidades,$ 19.846,NA,$ 14.886,$ 19.848,15879.0,19848.0
2026-03-15,Serum Ojos Anti Ojeras Glycolic Bright L´Oreal Paris,$ 23.454,NA,$ 23.454,$ 39.090,NA,NA
2026-03-15,Brillo Labial Voluminizador Maybelline Lifter Plump,$ 19.190,NA,$ 19.194,$ 31.990,NA,NA
2026-03-15,L'oréal Paris Revitalift Sérum Ácido Hialurónico 30ml,$ 25.794,NA,$ 25.794,$ 42.990,NA,NA
2026-03-15,Agua Micelar Skin Active Con Ácido Salicílico 400ml,$ 19.990,NA,$ 19.990,NA,NA,NA
2026-03-16,Nivea Sun Tono Medio,$ 15.586,NA,$ 14.580,$ 26.510,16783.0,30515.0
2026-03-16,Vichy Capital Soleil,$ 39.929,NA,$ 39.929,$ 79.859,42702.0,85410.0
2026-03-16,Caviahue Contorno de Ojos,$ 41.600,NA,$ 36.400,$ 52.000,36400.0,52000.0
2026-03-16,Maybelline Rubor Líquido Face Sunkisser,$ 32.995,NA,$ 32.990,NA,NA,NA
2026-03-16,Isdin Fusion Water Magic,$ 37.403,NA,$ 35.621,$ 64.766,37399.0,68004.0
2026-03-16,102 Magnesio Citrato Vitaminas Y Minerales Gummies 90 Unidades,$ 19.846,NA,$ 13.894,$ 19.848,15879.0,19848.0
2026-03-16,Serum Ojos Anti Ojeras Glycolic Bright L´Oreal Paris,$ 23.454,NA,$ 23.454,$ 39.090,NA,NA
2026-03-16,Brillo Labial Voluminizador Maybelline Lifter Plump,$ 19.190,NA,$ 19.194,$ 31.990,NA,NA
2026-03-16,L'oréal Paris Revitalift Sérum Ácido Hialurónico 30ml,$ 25.794,NA,NA,NA,NA,NA
2026-03-16,Agua Micelar Skin Active Con Ácido Salicílico 400ml,$ 19.990,NA,$ 19.990,NA,NA,NA
2026-03-17,Nivea Sun Tono Medio,$ 15.586,NA,$ 14.580,$ 26.510,16783.0,30515.0
2026-03-17,Vichy Capital Soleil,$ 39.929,NA,$ 39.929,$ 79.859,42702.0,85410.0
2026-03-17,Caviahue Contorno de Ojos,$ 41.600,NA,$ 36.400,$ 52.000,36400.0,52000.0
2026-03-17,Maybelline Rubor Líquido Face Sunkisser,$ 32.995,NA,$ 32.990,NA,NA,NA
2026-03-17,Isdin Fusion Water Magic,$ 37.403,NA,$ 35.621,$ 64.766,37399.0,68004.0
2026-03-17,102 Magnesio Citrato Vitaminas Y Minerales Gummies 90 Unidades,$ 19.846,NA,$ 13.894,$ 19.848,15879.0,19848.0
2026-03-17,Serum Ojos Anti Ojeras Glycolic Bright L´Oreal Paris,$ 23.454,NA,$ 23.454,$ 39.090,NA,NA
2026-03-17,Brillo Labial Voluminizador Maybelline Lifter Plump,$ 19.190,NA,$ 19.194,$ 31.990,NA,NA
2026-03-17,L'oréal Paris Revitalift Sérum Ácido Hialurónico 30ml,$ 25.794,NA,NA,NA,NA,NA
2026-03-17,Agua Micelar Skin Active Con Ácido Salicílico 400ml,$ 19.990,NA,$ 19.990,NA,NA,NA
2026-03-18,Nivea Sun Tono Medio,$ 15.586,NA,$ 14.580,$ 26.510,16783.0,30515.0
2026-03-18,Vichy Capital Soleil,$ 39.929,NA,$ 39.929,$ 79.859,42702.0,85410.0
2026-03-18,Caviahue Contorno de Ojos,$ 41.600,NA,$ 36.400,$ 52.000,36400.0,52000.0
2026-03-18,Maybelline Rubor Líquido Face Sunkisser,$ 32.995,NA,$ 32.990,NA,NA,NA
2026-03-18,Isdin Fusion Water Magic,$ 37.403,NA,$ 35.621,$ 64.766,37399.0,68004.0
2026-03-18,102 Magnesio Citrato Vitaminas Y Minerales Gummies 90 Unidades,$ 19.846,NA,$ 13.894,$ 19.848,15879.0,19848.0
2026-03-18,Serum Ojos Anti Ojeras Glycolic Bright L´Oreal Paris,$ 23.454,NA,$ 23.454,$ 39.090,NA,NA
2026-03-18,Brillo Labial Voluminizador Maybelline Lifter Plump,$ 19.190,NA,$ 19.194,$ 31.990,NA,NA
2026-03-18,L'oréal Paris Revitalift Sérum Ácido Hialurónico 30ml,$ 25.794,NA,NA,NA,NA,NA
2026-03-18,Agua Micelar Skin Active Con Ácido Salicílico 400ml,$ 19.990,NA,$ 19.990,NA,NA,NA
2026-03-19,Nivea Sun Tono Medio,$ 15.586,NA,$ 14.580,$ 26.510,16783.0,30515.0
2026-03-19,Vichy Capital Soleil,$ 39.929,NA,$ 39.929,$ 79.859,42702.0,85410.0
2026-03-19,Caviahue Contorno de Ojos,$ 41.600,NA,$ 36.400,$ 52.000,36400.0,52000.0
2026-03-19,Maybelline Rubor Líquido Face Sunkisser,$ 32.995,NA,$ 32.990,NA,NA,NA
2026-03-19,Isdin Fusion Water Magic,$ 37.403,NA,$ 35.621,$ 64.766,37399.0,68004.0
2026-03-19,102 Magnesio Citrato Vitaminas Y Minerales Gummies 90 Unidades,$ 19.846,NA,$ 13.894,$ 19.848,15879.0,20344.0
2026-03-19,Serum Ojos Anti Ojeras Glycolic Bright L´Oreal Paris,$ 23.454,NA,$ 23.454,$ 39.090,NA,NA
2026-03-19,Brillo Labial Voluminizador Maybelline Lifter Plump,$ 19.190,NA,$ 19.194,$ 31.990,NA,NA
2026-03-19,L'oréal Paris Revitalift Sérum Ácido Hialurónico 30ml,$ 25.794,NA,NA,NA,NA,NA
2026-03-19,Agua Micelar Skin Active Con Ácido Salicílico 400ml,$ 19.990,NA,$ 19.990,NA,NA,NA
2026-03-20,Nivea Sun Tono Medio,$ 15.586,NA,$ 14.580,$ 26.510,16783.0,30515.0
2026-03-20,Vichy Capital Soleil,$ 39.929,NA,$ 39.929,$ 79.859,42702.0,85410.0
2026-03-20,Caviahue Contorno de Ojos,$ 41.600,NA,$ 36.400,$ 52.000,36400.0,52000.0
2026-03-20,Maybelline Rubor Líquido Face Sunkisser,$ 32.995,NA,NA,NA,NA,NA
2026-03-20,Isdin Fusion Water Magic,$ 37.403,NA,$ 35.621,$ 64.766,37399.0,68004.0
2026-03-20,102 Magnesio Citrato Vitaminas Y Minerales Gummies 90 Unidades,$ 19.846,NA,$ 13.894,$ 19.848,16276.0,20344.0
2026-03-20,Serum Ojos Anti Ojeras Glycolic Bright L´Oreal Paris,$ 23.454,NA,$ 23.454,$ 39.090,NA,NA
2026-03-20,Brillo Labial Voluminizador Maybelline Lifter Plump,$ 19.190,NA,$ 19.194,$ 31.990,NA,NA
2026-03-20,L'oréal Paris Revitalift Sérum Ácido Hialurónico 30ml,$ 25.794,NA,NA,NA,NA,NA
2026-03-20,Agua Micelar Skin Active Con Ácido Salicílico 400ml,$ 19.990,NA,$ 19.990,NA,NA,NA
2026-03-21,Nivea Sun Tono Medio,$ 15.586,NA,$ 14.580,$ 26.510,16783.0,30515.0
2026-03-21,Vichy Capital Soleil,$ 39.929,NA,$ 39.929,$ 79.859,42702.0,85410.0
2026-03-21,Caviahue Contorno de Ojos,$ 41.600,NA,$ 36.400,$ 52.000,36400.0,52000.0
2026-03-21,Maybelline Rubor Líquido Face Sunkisser,$ 32.995,NA,$ 32.990,NA,NA,NA
2026-03-21,Isdin Fusion Water Magic,$ 37.403,NA,$ 35.621,$ 64.766,37399.0,68004.0
2026-03-21,102 Magnesio Citrato Vitaminas Y Minerales Gummies 90 Unidades,$ 19.846,NA,$ 13.894,$ 19.848,16276.0,20344.0
2026-03-21,Serum Ojos Anti Ojeras Glycolic Bright L´Oreal Paris,$ 23.454,NA,$ 23.454,$ 39.090,NA,NA
2026-03-21,Brillo Labial Voluminizador Maybelline Lifter Plump,$ 19.190,NA,$ 19.194,$ 31.990,NA,NA
2026-03-21,L'oréal Paris Revitalift Sérum Ácido Hialurónico 30ml,$ 25.794,NA,NA,NA,NA,NA
2026-03-21,Agua Micelar Skin Active Con Ácido Salicílico 400ml,$ 19.990,NA,$ 19.990,NA,NA,NA
2026-03-22,Nivea Sun Tono Medio,$ 15.586,NA,$ 14.580,$ 26.510,16783.0,30515.0
2026-03-22,Vichy Capital Soleil,$ 39.929,NA,$ 39.929,$ 79.859,42702.0,85410.0
2026-03-22,Caviahue Contorno de Ojos,$ 41.600,NA,$ 36.400,$ 52.000,36400.0,52000.0
2026-03-22,Maybelline Rubor Líquido Face Sunkisser,$ 32.995,NA,$ 32.990,NA,NA,NA
2026-03-22,Isdin Fusion Water Magic,$ 37.403,NA,$ 35.621,$ 64.766,37399.0,68004.0
2026-03-22,102 Magnesio Citrato Vitaminas Y Minerales Gummies 90 Unidades,$ 19.846,NA,$ 13.894,$ 19.848,16276.0,20344.0
2026-03-22,Serum Ojos Anti Ojeras Glycolic Bright L´Oreal Paris,$ 23.454,NA,$ 23.454,$ 39.090,NA,NA
2026-03-22,Brillo Labial Voluminizador Maybelline Lifter Plump,$ 19.190,NA,$ 19.194,$ 31.990,NA,NA
2026-03-22,L'oréal Paris Revitalift Sérum Ácido Hialurónico 30ml,$ 25.794,NA,NA,NA,NA,NA
2026-03-22,Agua Micelar Skin Active Con Ácido Salicílico 400ml,$ 19.990,NA,$ 19.990,NA,NA,NA
2026-03-23,Nivea Sun Tono Medio,$ 15.586,NA,$ 14.580,$ 26.510,16783.0,30515.0
2026-03-23,Vichy Capital Soleil,$ 79.859,NA,$ 39.929,$ 79.859,42702.0,85410.0
2026-03-23,Caviahue Contorno de Ojos,$ 36.400,NA,$ 36.400,$ 52.000,36400.0,52000.0
2026-03-23,Maybelline Rubor Líquido Face Sunkisser,$ 32.995,NA,$ 32.990,NA,NA,NA
2026-03-23,Isdin Fusion Water Magic,$ 68.005,NA,$ 35.621,$ 64.766,37399.0,68004.0
2026-03-23,102 Magnesio Citrato Vitaminas Y Minerales Gummies 90 Unidades,$ 19.846,NA,$ 19.848,NA,16276.0,20344.0
2026-03-23,Serum Ojos Anti Ojeras Glycolic Bright L´Oreal Paris,$ 23.454,NA,$ 39.090,NA,NA,NA
2026-03-23,Brillo Labial Voluminizador Maybelline Lifter Plump,$ 31.984,NA,$ 31.990,NA,NA,NA
2026-03-23,L'oréal Paris Revitalift Sérum Ácido Hialurónico 30ml,$ 25.794,NA,NA,NA,NA,NA
2026-03-23,Agua Micelar Skin Active Con Ácido Salicílico 400ml,$ 19.990,NA,$ 19.990,NA,NA,NA
2026-03-24,Nivea Sun Tono Medio,$ 17.003,NA,$ 14.580,$ 26.510,16783.0,30515.0
2026-03-24,Vichy Capital Soleil,$ 79.859,NA,$ 39.929,$ 79.859,42702.0,85410.0
2026-03-24,Caviahue Contorno de Ojos,$ 36.400,NA,$ 36.400,$ 52.000,36400.0,52000.0
2026-03-24,Maybelline Rubor Líquido Face Sunkisser,$ 32.995,NA,$ 32.990,NA,NA,NA
2026-03-24,Isdin Fusion Water Magic,$ 68.005,NA,$ 35.621,$ 64.766,37399.0,68004.0
2026-03-24,102 Magnesio Citrato Vitaminas Y Minerales Gummies 90 Unidades,$ 19.846,NA,$ 13.894,$ 19.848,16276.0,20344.0
2026-03-24,Serum Ojos Anti Ojeras Glycolic Bright L´Oreal Paris,$ 39.090,NA,$ 39.090,NA,NA,NA
2026-03-24,Brillo Labial Voluminizador Maybelline Lifter Plump,$ 31.984,NA,$ 31.990,NA,NA,NA
2026-03-24,L'oréal Paris Revitalift Sérum Ácido Hialurónico 30ml,$ 27.943,NA,$ 42.990,NA,NA,NA
2026-03-24,Agua Micelar Skin Active Con Ácido Salicílico 400ml,$ 19.990,NA,NA,NA,NA,NA
2026-03-25,Nivea Sun Tono Medio,$ 17.003,NA,$ 26.510,NA,16783.0,30515.0
2026-03-25,Vichy Capital Soleil,$ 79.859,NA,$ 79.859,NA,42702.0,85410.0
2026-03-25,Caviahue Contorno de Ojos,$ 36.400,NA,$ 36.400,$ 52.000,36400.0,52000.0
2026-03-25,Maybelline Rubor Líquido Face Sunkisser,$ 32.995,NA,$ 32.990,NA,NA,NA
2026-03-25,Isdin Fusion Water Magic,$ 68.005,NA,$ 32.059,$ 64.766,37399.0,68004.0
2026-03-25,102 Magnesio Citrato Vitaminas Y Minerales Gummies 90 Unidades,$ 19.846,NA,$ 19.848,NA,16276.0,20344.0
2026-03-25,Serum Ojos Anti Ojeras Glycolic Bright L´Oreal Paris,$ 39.090,NA,$ 39.090,NA,NA,NA
2026-03-25,Brillo Labial Voluminizador Maybelline Lifter Plump,$ 31.984,NA,$ 31.990,NA,NA,NA
2026-03-25,L'oréal Paris Revitalift Sérum Ácido Hialurónico 30ml,$ 27.943,NA,$ 27.943,$ 42.990,NA,NA
2026-03-25,Agua Micelar Skin Active Con Ácido Salicílico 400ml,$ 19.990,NA,NA,NA,NA,NA
2026-03-26,Nivea Sun Tono Medio,$ 16.022,NA,$ 26.510,NA,30515.0,30515.0
2026-03-26,Vichy Capital Soleil,$ 79.859,NA,$ 79.859,NA,85410.0,85410.0
2026-03-26,Caviahue Contorno de Ojos,$ 36.400,NA,$ 36.400,$ 52.000,36400.0,52000.0
2026-03-26,Maybelline Rubor Líquido Face Sunkisser,$ 32.995,NA,$ 32.990,NA,NA,NA
2026-03-26,Isdin Fusion Water Magic,$ 68.005,NA,$ 37.403,$ 68.005,68004.0,68004.0
2026-03-26,102 Magnesio Citrato Vitaminas Y Minerales Gummies 90 Unidades,$ 20.342,NA,$ 19.848,NA,16276.0,20344.0
2026-03-26,Serum Ojos Anti Ojeras Glycolic Bright L´Oreal Paris,$ 39.090,NA,$ 39.090,NA,NA,NA
2026-03-26,Brillo Labial Voluminizador Maybelline Lifter Plump,$ 31.984,NA,$ 31.990,NA,NA,NA
2026-03-26,L'oréal Paris Revitalift Sérum Ácido Hialurónico 30ml,$ 8.466,NA,$ 27.943,$ 42.990,NA,NA
2026-03-26,Agua Micelar Skin Active Con Ácido Salicílico 400ml,$ 19.990,NA,NA,NA,NA,NA
2026-03-27,Nivea Sun Tono Medio,$ 13.383,NA,$ 26.510,NA,30515.0,30515.0
2026-03-27,Vichy Capital Soleil,$ 79.859,NA,$ 79.859,NA,85410.0,85410.0
2026-03-27,Caviahue Contorno de Ojos,$ 36.400,NA,$ 36.400,$ 52.000,36400.0,52000.0
2026-03-27,Maybelline Rubor Líquido Face Sunkisser,$ 32.995,NA,$ 32.990,NA,NA,NA
2026-03-27,Isdin Fusion Water Magic,$ 68.005,NA,$ 37.403,$ 68.005,68004.0,68004.0
2026-03-27,102 Magnesio Citrato Vitaminas Y Minerales Gummies 90 Unidades,$ 20.342,NA,$ 15.258,$ 20.344,16276.0,20344.0
2026-03-27,Serum Ojos Anti Ojeras Glycolic Bright L´Oreal Paris,$ 39.090,NA,$ 39.090,NA,NA,NA
2026-03-27,Brillo Labial Voluminizador Maybelline Lifter Plump,$ 31.984,NA,$ 31.990,NA,NA,NA
2026-03-27,L'oréal Paris Revitalift Sérum Ácido Hialurónico 30ml,NA,NA,$ 27.943,$ 42.990,NA,NA
2026-03-27,Agua Micelar Skin Active Con Ácido Salicílico 400ml,$ 19.990,NA,NA,NA,NA,NA
2026-03-28,Nivea Sun Tono Medio,$ 26.400,NA,NA,NA,30515.0,30515.0
2026-03-28,Vichy Capital Soleil,$ 79.859,NA,$ 79.859,NA,85410.0,85410.0
2026-03-28,Caviahue Contorno de Ojos,$ 36.400,NA,$ 36.400,$ 52.000,36400.0,52000.0
2026-03-28,Maybelline Rubor Líquido Face Sunkisser,$ 32.995,NA,$ 32.990,NA,NA,NA
2026-03-28,Isdin Fusion Water Magic,$ 68.005,NA,$ 35.621,$ 64.766,68004.0,68004.0
2026-03-28,102 Magnesio Citrato Vitaminas Y Minerales Gummies 90 Unidades,$ 20.342,NA,$ 15.258,$ 20.344,16276.0,20344.0
2026-03-28,Serum Ojos Anti Ojeras Glycolic Bright L´Oreal Paris,$ 39.090,NA,$ 39.090,NA,NA,NA
2026-03-28,Brillo Labial Voluminizador Maybelline Lifter Plump,$ 31.984,NA,$ 31.990,NA,NA,NA
2026-03-28,L'oréal Paris Revitalift Sérum Ácido Hialurónico 30ml,$ 12.143,NA,$ 27.943,$ 42.990,NA,NA
2026-03-28,Agua Micelar Skin Active Con Ácido Salicílico 400ml,$ 19.990,NA,NA,NA,NA,NA
2026-03-29,Nivea Sun Tono Medio,,NA,$ 26.510,NA,30515.0,30515.0
2026-03-29,Vichy Capital Soleil,$ 79.859,NA,$ 79.859,NA,85410.0,85410.0
2026-03-29,Caviahue Contorno de Ojos,$ 36.400,NA,$ 36.400,$ 52.000,36400.0,52000.0
2026-03-29,Maybelline Rubor Líquido Face Sunkisser,$ 32.995,NA,$ 32.990,NA,NA,NA
2026-03-29,Isdin Fusion Water Magic,$ 68.005,NA,$ 35.621,$ 64.766,68004.0,68004.0
2026-03-29,102 Magnesio Citrato Vitaminas Y Minerales Gummies 90 Unidades,$ 20.342,NA,$ 15.258,$ 20.344,16276.0,20344.0
2026-03-29,Serum Ojos Anti Ojeras Glycolic Bright L´Oreal Paris,$ 39.090,NA,$ 39.090,NA,NA,NA
2026-03-29,Brillo Labial Voluminizador Maybelline Lifter Plump,$ 31.984,NA,$ 31.990,NA,NA,NA
2026-03-29,L'oréal Paris Revitalift Sérum Ácido Hialurónico 30ml,$ 44.192,NA,$ 27.943,$ 42.990,NA,NA
2026-03-29,Agua Micelar Skin Active Con Ácido Salicílico 400ml,$ 19.990,NA,$ 19.990,NA,NA,NA
2026-03-30,Nivea Sun Tono Medio,$ 21.956,NA,$ 26.510,NA,30515.0,30515.0
2026-03-30,Vichy Capital Soleil,$ 79.859,NA,$ 79.859,NA,85410.0,85410.0
2026-03-30,Caviahue Contorno de Ojos,$ 36.400,NA,$ 36.400,$ 52.000,36400.0,52000.0
2026-03-30,Maybelline Rubor Líquido Face Sunkisser,$ 32.995,NA,$ 32.990,NA,NA,NA
2026-03-30,Isdin Fusion Water Magic,$ 68.005,NA,NA,NA,68004.0,68004.0
2026-03-30,102 Magnesio Citrato Vitaminas Y Minerales Gummies 90 Unidades,$ 20.342,NA,$ 15.258,$ 20.344,16276.0,20344.0
2026-03-30,Serum Ojos Anti Ojeras Glycolic Bright L´Oreal Paris,$ 39.090,NA,$ 39.090,NA,NA,NA
2026-03-30,Brillo Labial Voluminizador Maybelline Lifter Plump,$ 31.984,NA,$ 31.990,NA,NA,NA
2026-03-30,L'oréal Paris Revitalift Sérum Ácido Hialurónico 30ml,$ 25.070,NA,$ 27.943,$ 42.990,NA,NA
2026-03-30,Agua Micelar Skin Active Con Ácido Salicílico 400ml,$ 19.990,NA,$ 19.990,NA,NA,NA
2026-03-31,Nivea Sun Tono Medio,,NA,$ 26.510,NA,30515.0,30515.0
2026-03-31,Vichy Capital Soleil,$ 79.859,NA,$ 79.859,NA,85410.0,85410.0
2026-03-31,Caviahue Contorno de Ojos,$ 36.400,NA,$ 36.400,$ 52.000,36400.0,52000.0
2026-03-31,Maybelline Rubor Líquido Face Sunkisser,$ 32.995,NA,$ 32.990,NA,NA,NA
2026-03-31,Isdin Fusion Water Magic,$ 68.005,NA,$ 37.403,$ 68.005,68004.0,68004.0
2026-03-31,102 Magnesio Citrato Vitaminas Y Minerales Gummies 90 Unidades,$ 20.342,NA,$ 15.258,$ 20.344,16276.0,20344.0
2026-03-31,Serum Ojos Anti Ojeras Glycolic Bright L´Oreal Paris,$ 39.090,NA,$ 39.090,NA,NA,NA
2026-03-31,Brillo Labial Voluminizador Maybelline Lifter Plump,$ 31.984,NA,$ 31.990,NA,NA,NA
2026-03-31,L'oréal Paris Revitalift Sérum Ácido Hialurónico 30ml,$ 12.600,NA,$ 27.943,$ 42.990,NA,NA
2026-03-31,Agua Micelar Skin Active Con Ácido Salicílico 400ml,$ 19.990,NA,$ 19.990,NA,NA,NA
2026-04-01,Nivea Sun Tono Medio,$ 21.254,NA,$ 26.510,NA,30515.0,30515.0
2026-04-01,Vichy Capital Soleil,$ 79.859,NA,$ 79.859,NA,85410.0,85410.0
2026-04-01,Caviahue Contorno de Ojos,$ 52.000,NA,$ 46.800,$ 52.000,36400.0,52000.0
2026-04-01,Maybelline Rubor Líquido Face Sunkisser,$ 32.995,NA,$ 32.990,NA,NA,NA
2026-04-01,Isdin Fusion Water Magic,$ 68.005,NA,$ 58.289,$ 64.766,68004.0,68004.0
2026-04-01,102 Magnesio Citrato Vitaminas Y Minerales Gummies 90 Unidades,NA,NA,$ 15.258,$ 20.344,16276.0,20344.0
2026-04-01,Serum Ojos Anti Ojeras Glycolic Bright L´Oreal Paris,$ 25.408,NA,$ 25.408,$ 39.090,NA,NA
2026-04-01,Brillo Labial Voluminizador Maybelline Lifter Plump,$ 31.984,NA,$ 31.990,NA,NA,NA
2026-04-01,L'oréal Paris Revitalift Sérum Ácido Hialurónico 30ml,$ 25.794,NA,$ 25.794,$ 42.990,NA,NA
2026-04-01,Agua Micelar Skin Active Con Ácido Salicílico 400ml,$ 12.993,NA,$ 12.993,$ 19.990,NA,NA
2026-04-02,Nivea Sun Tono Medio,$ 21.254,NA,$ 28.338,NA,21361.0,30515.0
2026-04-02,Vichy Capital Soleil,$ 83.852,NA,$ 79.859,NA,56627.0,87118.0
2026-04-02,Caviahue Contorno de Ojos,$ 59.000,NA,$ 46.800,$ 52.000,56000.0,56000.0
2026-04-02,Maybelline Rubor Líquido Face Sunkisser,$ 32.995,NA,$ 32.990,NA,NA,NA
2026-04-02,Isdin Fusion Water Magic,$ 68.005,NA,$ 58.289,$ 64.766,44203.0,68004.0
2026-04-02,102 Magnesio Citrato Vitaminas Y Minerales Gummies 90 Unidades,,NA,$ 15.258,$ 20.344,16276.0,20344.0
2026-04-02,Serum Ojos Anti Ojeras Glycolic Bright L´Oreal Paris,$ 25.408,NA,$ 25.408,$ 39.090,NA,NA
2026-04-02,Brillo Labial Voluminizador Maybelline Lifter Plump,$ 31.984,NA,$ 31.990,NA,NA,NA
2026-04-02,L'oréal Paris Revitalift Sérum Ácido Hialurónico 30ml,NA,NA,$ 25.794,$ 42.990,NA,NA
2026-04-02,Agua Micelar Skin Active Con Ácido Salicílico 400ml,$ 12.993,NA,$ 12.993,$ 19.990,NA,NA
2026-04-03,Nivea Sun Tono Medio,$ 21.254,NA,$ 28.338,NA,21361.0,30515.0
2026-04-03,Vichy Capital Soleil,$ 83.852,NA,$ 83.852,NA,56627.0,87118.0
2026-04-03,Caviahue Contorno de Ojos,$ 59.000,NA,$ 50.400,$ 56.000,56000.0,56000.0
2026-04-03,Maybelline Rubor Líquido Face Sunkisser,$ 32.995,NA,$ 32.990,NA,NA,NA
2026-04-03,Isdin Fusion Water Magic,$ 68.005,NA,$ 77.766,$ 86.407,44203.0,68004.0
2026-04-03,102 Magnesio Citrato Vitaminas Y Minerales Gummies 90 Unidades,,NA,$ 15.258,$ 20.344,16276.0,20344.0
2026-04-03,Serum Ojos Anti Ojeras Glycolic Bright L´Oreal Paris,$ 25.408,NA,$ 25.408,$ 39.090,NA,NA
2026-04-03,Brillo Labial Voluminizador Maybelline Lifter Plump,$ 31.984,NA,$ 31.990,NA,NA,NA
2026-04-03,L'oréal Paris Revitalift Sérum Ácido Hialurónico 30ml,$ 25.794,NA,$ 25.794,$ 42.990,NA,NA
2026-04-03,Agua Micelar Skin Active Con Ácido Salicílico 400ml,$ 12.993,NA,$ 12.993,$ 19.990,NA,NA
2026-04-04,Nivea Sun Tono Medio,$ 21.254,NA,$ 19.837,$ 28.338,21361.0,30515.0
2026-04-04,Vichy Capital Soleil,$ 54.504,NA,$ 54.504,$ 83.852,56627.0,87118.0
2026-04-04,Caviahue Contorno de Ojos,$ 59.000,NA,$ 50.400,$ 56.000,56000.0,56000.0
2026-04-04,Maybelline Rubor Líquido Face Sunkisser,$ 32.995,NA,$ 32.990,NA,NA,NA
2026-04-04,Isdin Fusion Water Magic,$ 68.005,NA,$ 51.844,$ 86.407,44203.0,68004.0
2026-04-04,102 Magnesio Citrato Vitaminas Y Minerales Gummies 90 Unidades,,NA,$ 15.258,$ 20.344,16276.0,20344.0
2026-04-04,Serum Ojos Anti Ojeras Glycolic Bright L´Oreal Paris,$ 25.408,NA,$ 25.408,$ 39.090,NA,NA
2026-04-04,Brillo Labial Voluminizador Maybelline Lifter Plump,$ 31.984,NA,$ 31.990,NA,NA,NA
2026-04-04,L'oréal Paris Revitalift Sérum Ácido Hialurónico 30ml,$ 25.794,NA,$ 25.794,$ 42.990,NA,NA
2026-04-04,Agua Micelar Skin Active Con Ácido Salicílico 400ml,$ 12.993,NA,$ 12.993,$ 19.990,NA,NA
2026-04-05,Nivea Sun Tono Medio,$ 21.254,NA,$ 19.837,$ 28.338,21361.0,30515.0
2026-04-05,Vichy Capital Soleil,$ 54.504,NA,$ 54.504,$ 83.852,56627.0,87118.0
2026-04-05,Caviahue Contorno de Ojos,$ 59.000,NA,$ 50.400,$ 56.000,56000.0,56000.0
2026-04-05,Maybelline Rubor Líquido Face Sunkisser,$ 32.995,NA,$ 32.990,NA,NA,NA
2026-04-05,Isdin Fusion Water Magic,$ 68.005,NA,$ 51.844,$ 86.407,44203.0,68004.0
2026-04-05,102 Magnesio Citrato Vitaminas Y Minerales Gummies 90 Unidades,$ 11.588,NA,$ 15.258,$ 20.344,16276.0,20344.0
2026-04-05,Serum Ojos Anti Ojeras Glycolic Bright L´Oreal Paris,$ 25.408,NA,$ 25.408,$ 39.090,NA,NA
2026-04-05,Brillo Labial Voluminizador Maybelline Lifter Plump,$ 31.984,NA,NA,NA,NA,NA
2026-04-05,L'oréal Paris Revitalift Sérum Ácido Hialurónico 30ml,$ 25.794,NA,$ 25.794,$ 42.990,NA,NA
2026-04-05,Agua Micelar Skin Active Con Ácido Salicílico 400ml,$ 12.993,NA,$ 12.993,$ 19.990,NA,NA
2026-04-06,Nivea Sun Tono Medio,$ 19.837,NA,$ 19.837,$ 28.338,21361.0,30515.0
2026-04-06,Vichy Capital Soleil,$ 54.504,NA,$ 54.504,$ 83.852,56627.0,87118.0
2026-04-06,Caviahue Contorno de Ojos,$ 59.000,NA,$ 50.400,$ 56.000,56000.0,56000.0
2026-04-06,Maybelline Rubor Líquido Face Sunkisser,$ 32.995,NA,$ 32.990,NA,NA,NA
2026-04-06,Isdin Fusion Water Magic,$ 44.203,NA,$ 51.844,$ 86.407,44203.0,68004.0
2026-04-06,102 Magnesio Citrato Vitaminas Y Minerales Gummies 90 Unidades,NA,NA,$ 15.258,$ 20.344,16276.0,20344.0
2026-04-06,Serum Ojos Anti Ojeras Glycolic Bright L´Oreal Paris,$ 25.408,NA,$ 25.408,$ 39.090,NA,NA
2026-04-06,Brillo Labial Voluminizador Maybelline Lifter Plump,$ 31.984,NA,$ 31.990,NA,NA,NA
2026-04-06,L'oréal Paris Revitalift Sérum Ácido Hialurónico 30ml,$ 25.794,NA,$ 25.794,$ 42.990,NA,NA
2026-04-06,Agua Micelar Skin Active Con Ácido Salicílico 400ml,$ 12.993,NA,$ 12.993,$ 19.990,NA,NA
2026-04-07,Nivea Sun Tono Medio,$ 19.837,NA,$ 19.837,$ 28.338,21361.0,30515.0
2026-04-07,Vichy Capital Soleil,$ 54.504,NA,$ 54.504,$ 83.852,56627.0,87118.0
2026-04-07,Caviahue Contorno de Ojos,$ 59.000,NA,$ 50.400,$ 56.000,59000.0,59000.0
2026-04-07,Maybelline Rubor Líquido Face Sunkisser,$ 32.995,NA,$ 32.990,NA,NA,NA
2026-04-07,Isdin Fusion Water Magic,$ 47.740,NA,$ 51.844,$ 86.407,47739.0,73445.0
2026-04-07,102 Magnesio Citrato Vitaminas Y Minerales Gummies 90 Unidades,$ 17.823,NA,$ 15.258,$ 20.344,16276.0,20344.0
2026-04-07,Serum Ojos Anti Ojeras Glycolic Bright L´Oreal Paris,$ 25.408,NA,$ 25.408,$ 39.090,NA,NA
2026-04-07,Brillo Labial Voluminizador Maybelline Lifter Plump,$ 31.984,NA,$ 31.990,NA,NA,NA
2026-04-07,L'oréal Paris Revitalift Sérum Ácido Hialurónico 30ml,$ 25.794,NA,$ 25.794,$ 42.990,NA,NA
2026-04-07,Agua Micelar Skin Active Con Ácido Salicílico 400ml,$ 12.993,NA,$ 12.993,$ 19.990,NA,NA
2026-04-08,Nivea Sun Tono Medio,$ 19.837,NA,$ 19.837,$ 28.338,21361.0,30515.0
2026-04-08,Vichy Capital Soleil,$ 54.504,NA,$ 54.504,$ 83.852,56627.0,87118.0
2026-04-08,Caviahue Contorno de Ojos,$ 59.000,NA,$ 50.400,$ 56.000,59000.0,59000.0
2026-04-08,Maybelline Rubor Líquido Face Sunkisser,$ 32.995,NA,$ 32.990,NA,NA,NA
2026-04-08,Isdin Fusion Water Magic,$ 47.740,NA,$ 51.844,$ 86.407,47739.0,73445.0
2026-04-08,102 Magnesio Citrato Vitaminas Y Minerales Gummies 90 Unidades,,NA,$ 15.258,$ 20.344,16276.0,20344.0
2026-04-08,Serum Ojos Anti Ojeras Glycolic Bright L´Oreal Paris,$ 25.408,NA,$ 25.408,$ 39.090,NA,NA
2026-04-08,Brillo Labial Voluminizador Maybelline Lifter Plump,$ 31.984,NA,$ 31.990,NA,NA,NA
2026-04-08,L'oréal Paris Revitalift Sérum Ácido Hialurónico 30ml,$ 25.794,NA,$ 25.794,$ 42.990,NA,NA
2026-04-08,Agua Micelar Skin Active Con Ácido Salicílico 400ml,NA,NA,$ 12.993,$ 19.990,NA,NA
2026-04-09,Nivea Sun Tono Medio,$ 19.837,NA,$ 19.837,$ 28.338,21361.0,30515.0
2026-04-09,Vichy Capital Soleil,$ 54.504,NA,$ 54.504,$ 83.852,56627.0,87118.0
2026-04-09,Caviahue Contorno de Ojos,$ 59.000,NA,$ 53.100,$ 59.000,59000.0,59000.0
2026-04-09,Maybelline Rubor Líquido Face Sunkisser,$ 32.995,NA,$ 32.990,NA,NA,NA
2026-04-09,Isdin Fusion Water Magic,$ 47.740,NA,$ 51.844,$ 86.407,47739.0,73445.0
2026-04-09,102 Magnesio Citrato Vitaminas Y Minerales Gummies 90 Unidades,,NA,$ 15.258,$ 20.344,16276.0,20344.0
2026-04-09,Serum Ojos Anti Ojeras Glycolic Bright L´Oreal Paris,$ 25.408,NA,$ 25.408,$ 39.090,NA,NA
2026-04-09,Brillo Labial Voluminizador Maybelline Lifter Plump,$ 31.984,NA,$ 31.990,NA,NA,NA
2026-04-09,L'oréal Paris Revitalift Sérum Ácido Hialurónico 30ml,$ 25.794,NA,$ 25.794,$ 42.990,NA,NA
2026-04-09,Agua Micelar Skin Active Con Ácido Salicílico 400ml,$ 12.993,NA,$ 12.993,$ 19.990,NA,NA
2026-04-10,Nivea Sun Tono Medio,$ 19.837,NA,$ 19.837,$ 28.338,21361.0,30515.0
2026-04-10,Vichy Capital Soleil,$ 54.504,NA,$ 54.504,$ 83.852,56627.0,87118.0
2026-04-10,Caviahue Contorno de Ojos,$ 59.000,NA,$ 53.100,$ 59.000,59000.0,59000.0
2026-04-10,Maybelline Rubor Líquido Face Sunkisser,$ 32.995,NA,$ 32.990,NA,NA,NA
2026-04-10,Isdin Fusion Water Magic,$ 47.740,NA,$ 44.067,$ 73.445,47739.0,73445.0
2026-04-10,102 Magnesio Citrato Vitaminas Y Minerales Gummies 90 Unidades,$ 7.350,NA,$ 15.258,$ 20.344,16276.0,20751.0
2026-04-10,Serum Ojos Anti Ojeras Glycolic Bright L´Oreal Paris,$ 25.408,NA,$ 25.408,$ 39.090,NA,NA
2026-04-10,Brillo Labial Voluminizador Maybelline Lifter Plump,$ 31.984,NA,$ 31.990,NA,NA,NA
2026-04-10,L'oréal Paris Revitalift Sérum Ácido Hialurónico 30ml,$ 25.794,NA,$ 25.794,$ 42.990,NA,NA
2026-04-10,Agua Micelar Skin Active Con Ácido Salicílico 400ml,$ 12.993,NA,$ 12.993,$ 19.990,NA,NA
2026-04-11,Nivea Sun Tono Medio,$ 19.837,NA,$ 19.837,$ 28.338,21361.0,30515.0
2026-04-11,Vichy Capital Soleil,$ 54.504,NA,$ 54.504,$ 83.852,56627.0,87118.0
2026-04-11,Caviahue Contorno de Ojos,$ 59.000,NA,$ 53.100,$ 59.000,59000.0,59000.0
2026-04-11,Maybelline Rubor Líquido Face Sunkisser,$ 32.995,NA,$ 32.990,NA,NA,NA
2026-04-11,Isdin Fusion Water Magic,$ 47.740,NA,$ 44.067,$ 73.445,47739.0,73445.0
2026-04-11,102 Magnesio Citrato Vitaminas Y Minerales Gummies 90 Unidades,,NA,$ 15.563,$ 20.751,16601.0,20751.0
2026-04-11,Serum Ojos Anti Ojeras Glycolic Bright L´Oreal Paris,$ 25.408,NA,$ 25.408,$ 39.090,NA,NA
2026-04-11,Brillo Labial Voluminizador Maybelline Lifter Plump,$ 31.984,NA,$ 31.990,NA,NA,NA
2026-04-11,L'oréal Paris Revitalift Sérum Ácido Hialurónico 30ml,$ 25.794,NA,$ 25.794,$ 42.990,NA,NA
2026-04-11,Agua Micelar Skin Active Con Ácido Salicílico 400ml,$ 12.993,NA,$ 12.993,$ 19.990,NA,NA
2026-04-12,Nivea Sun Tono Medio,$ 19.837,NA,$ 19.837,$ 28.338,21361.0,30515.0
2026-04-12,Vichy Capital Soleil,$ 54.504,NA,$ 54.504,$ 83.852,56627.0,87118.0
2026-04-12,Caviahue Contorno de Ojos,$ 59.000,NA,$ 53.100,$ 59.000,59000.0,59000.0
2026-04-12,Maybelline Rubor Líquido Face Sunkisser,$ 32.995,NA,$ 32.990,NA,NA,NA
2026-04-12,Isdin Fusion Water Magic,$ 47.740,NA,$ 44.067,$ 73.445,47739.0,73445.0
2026-04-12,102 Magnesio Citrato Vitaminas Y Minerales Gummies 90 Unidades,,NA,$ 15.563,$ 20.751,16601.0,20751.0
2026-04-12,Serum Ojos Anti Ojeras Glycolic Bright L´Oreal Paris,$ 25.408,NA,$ 25.408,$ 39.090,NA,NA
2026-04-12,Brillo Labial Voluminizador Maybelline Lifter Plump,$ 31.984,NA,$ 31.990,NA,NA,NA
2026-04-12,L'oréal Paris Revitalift Sérum Ácido Hialurónico 30ml,$ 25.794,NA,$ 25.794,$ 42.990,NA,NA
2026-04-12,Agua Micelar Skin Active Con Ácido Salicílico 400ml,$ 12.993,NA,$ 12.993,$ 19.990,NA,NA
2026-04-13,Nivea Sun Tono Medio,$ 17.003,NA,$ 19.837,$ 28.338,21361.0,30515.0
2026-04-13,Vichy Capital Soleil,$ 54.504,NA,$ 54.504,$ 83.852,56627.0,87118.0
2026-04-13,Caviahue Contorno de Ojos,$ 59.000,NA,$ 53.100,$ 59.000,59000.0,59000.0
2026-04-13,Maybelline Rubor Líquido Face Sunkisser,$ 32.995,NA,$ 32.990,NA,NA,NA
2026-04-13,Isdin Fusion Water Magic,$ 47.740,NA,$ 44.067,$ 73.445,47739.0,73445.0
2026-04-13,102 Magnesio Citrato Vitaminas Y Minerales Gummies 90 Unidades,,NA,$ 15.563,$ 20.751,16601.0,20751.0
2026-04-13,Serum Ojos Anti Ojeras Glycolic Bright L´Oreal Paris,$ 25.408,NA,$ 25.408,$ 39.090,NA,NA
2026-04-13,Brillo Labial Voluminizador Maybelline Lifter Plump,$ 31.984,NA,$ 31.990,NA,NA,NA
2026-04-13,L'oréal Paris Revitalift Sérum Ácido Hialurónico 30ml,$ 25.794,NA,$ 25.794,$ 42.990,NA,NA
2026-04-13,Agua Micelar Skin Active Con Ácido Salicílico 400ml,$ 12.993,NA,$ 12.993,$ 19.990,NA,NA
2026-04-14,Nivea Sun Tono Medio,$ 17.003,NA,$ 19.837,$ 28.338,21361.0,30515.0
2026-04-14,Vichy Capital Soleil,$ 54.504,NA,$ 54.504,$ 83.852,56627.0,87118.0
2026-04-14,Caviahue Contorno de Ojos,$ 59.000,NA,$ 53.100,$ 59.000,59000.0,59000.0
2026-04-14,Maybelline Rubor Líquido Face Sunkisser,$ 32.995,NA,$ 32.990,NA,NA,NA
2026-04-14,Isdin Fusion Water Magic,$ 47.740,NA,$ 44.067,$ 73.445,47739.0,73445.0
2026-04-14,102 Magnesio Citrato Vitaminas Y Minerales Gummies 90 Unidades,,NA,$ 14.526,$ 20.751,16601.0,20751.0
2026-04-14,Serum Ojos Anti Ojeras Glycolic Bright L´Oreal Paris,$ 25.408,NA,$ 25.408,$ 39.090,NA,NA
2026-04-14,Brillo Labial Voluminizador Maybelline Lifter Plump,$ 31.984,NA,$ 31.990,NA,NA,NA
2026-04-14,L'oréal Paris Revitalift Sérum Ácido Hialurónico 30ml,$ 25.794,NA,$ 25.794,$ 42.990,NA,NA
2026-04-14,Agua Micelar Skin Active Con Ácido Salicílico 400ml,$ 12.993,NA,$ 12.993,$ 19.990,NA,NA
2026-04-15,Nivea Sun Tono Medio,$ 17.003,NA,$ 19.837,$ 28.338,21361.0,30515.0
2026-04-15,Vichy Capital Soleil,$ 54.504,NA,$ 54.504,$ 83.852,56627.0,87118.0
2026-04-15,Caviahue Contorno de Ojos,$ 59.000,NA,$ 53.100,$ 59.000,59000.0,59000.0
2026-04-15,Maybelline Rubor Líquido Face Sunkisser,$ 32.995,NA,$ 32.990,NA,NA,NA
2026-04-15,Isdin Fusion Water Magic,$ 47.740,NA,$ 44.067,$ 73.445,47739.0,73445.0
2026-04-15,102 Magnesio Citrato Vitaminas Y Minerales Gummies 90 Unidades,NA,NA,$ 14.526,$ 20.751,16601.0,20751.0
2026-04-15,Serum Ojos Anti Ojeras Glycolic Bright L´Oreal Paris,$ 25.408,NA,$ 25.408,$ 39.090,NA,NA
2026-04-15,Brillo Labial Voluminizador Maybelline Lifter Plump,$ 31.984,NA,$ 31.990,NA,NA,NA
2026-04-15,L'oréal Paris Revitalift Sérum Ácido Hialurónico 30ml,$ 25.794,NA,$ 25.794,$ 42.990,NA,NA
2026-04-15,Agua Micelar Skin Active Con Ácido Salicílico 400ml,$ 12.993,NA,$ 12.993,$ 19.990,NA,NA
2026-04-16,Nivea Sun Tono Medio,$ 17.003,NA,$ 19.837,$ 28.338,21361.0,30515.0
2026-04-16,Vichy Capital Soleil,$ 54.504,NA,$ 54.504,$ 83.852,56627.0,87118.0
2026-04-16,Caviahue Contorno de Ojos,$ 59.000,NA,$ 53.100,$ 59.000,59000.0,59000.0
2026-04-16,Maybelline Rubor Líquido Face Sunkisser,$ 32.995,NA,$ 32.990,NA,NA,NA
2026-04-16,Isdin Fusion Water Magic,$ 47.740,NA,$ 44.067,$ 73.445,47739.0,73445.0
2026-04-16,102 Magnesio Citrato Vitaminas Y Minerales Gummies 90 Unidades,,NA,$ 14.526,$ 20.751,16601.0,20751.0
2026-04-16,Serum Ojos Anti Ojeras Glycolic Bright L´Oreal Paris,$ 25.408,NA,$ 25.408,$ 39.090,NA,NA
2026-04-16,Brillo Labial Voluminizador Maybelline Lifter Plump,$ 31.984,NA,$ 31.990,NA,NA,NA
2026-04-16,L'oréal Paris Revitalift Sérum Ácido Hialurónico 30ml,$ 25.794,NA,$ 25.794,$ 42.990,NA,NA
2026-04-16,Agua Micelar Skin Active Con Ácido Salicílico 400ml,$ 12.993,NA,$ 12.993,$ 19.990,NA,NA
2026-04-17,Nivea Sun Tono Medio,$ 19.837,NA,$ 19.837,$ 28.338,21361.0,30515.0
2026-04-17,Vichy Capital Soleil,$ 54.504,NA,$ 54.504,$ 83.852,56627.0,87118.0
2026-04-17,Caviahue Contorno de Ojos,$ 59.000,NA,$ 53.100,$ 59.000,59000.0,59000.0
2026-04-17,Maybelline Rubor Líquido Face Sunkisser,$ 32.995,NA,$ 32.990,NA,NA,NA
2026-04-17,Isdin Fusion Water Magic,$ 47.740,NA,$ 44.067,$ 73.445,47739.0,73445.0
2026-04-17,102 Magnesio Citrato Vitaminas Y Minerales Gummies 90 Unidades,,NA,$ 14.526,$ 20.751,16601.0,20751.0
2026-04-17,Serum Ojos Anti Ojeras Glycolic Bright L´Oreal Paris,$ 25.408,NA,$ 25.408,$ 39.090,NA,NA
2026-04-17,Brillo Labial Voluminizador Maybelline Lifter Plump,$ 31.984,NA,$ 31.990,NA,NA,NA
2026-04-17,L'oréal Paris Revitalift Sérum Ácido Hialurónico 30ml,$ 25.794,NA,$ 25.794,$ 42.990,NA,NA
2026-04-17,Agua Micelar Skin Active Con Ácido Salicílico 400ml,$ 12.993,NA,$ 12.993,$ 19.990,NA,NA
2026-04-18,Nivea Sun Tono Medio,$ 19.837,NA,$ 19.837,$ 28.338,21361.0,30515.0
2026-04-18,Vichy Capital Soleil,$ 54.504,NA,$ 54.504,$ 83.852,56627.0,87118.0
2026-04-18,Caviahue Contorno de Ojos,$ 59.000,NA,$ 53.100,$ 59.000,59000.0,59000.0
2026-04-18,Maybelline Rubor Líquido Face Sunkisser,$ 36.990,NA,$ 32.990,NA,NA,NA
2026-04-18,Isdin Fusion Water Magic,$ 47.740,NA,$ 44.067,$ 73.445,47739.0,73445.0
2026-04-18,102 Magnesio Citrato Vitaminas Y Minerales Gummies 90 Unidades,NA,NA,$ 14.526,$ 20.751,16601.0,20751.0
2026-04-18,Serum Ojos Anti Ojeras Glycolic Bright L´Oreal Paris,$ 27.943,NA,$ 25.408,$ 39.090,NA,NA
2026-04-18,Brillo Labial Voluminizador Maybelline Lifter Plump,$ 32.990,NA,$ 31.990,NA,NA,NA
2026-04-18,L'oréal Paris Revitalift Sérum Ácido Hialurónico 30ml,$ 28.194,NA,$ 25.794,$ 42.990,NA,NA
2026-04-18,Agua Micelar Skin Active Con Ácido Salicílico 400ml,$ 14.293,NA,$ 12.993,$ 19.990,NA,NA
2026-04-19,Nivea Sun Tono Medio,$ 19.837,NA,$ 19.837,$ 28.338,21361.0,30515.0
2026-04-19,Vichy Capital Soleil,$ 54.504,NA,$ 54.504,$ 83.852,56627.0,87118.0
2026-04-19,Caviahue Contorno de Ojos,$ 59.000,NA,$ 53.100,$ 59.000,59000.0,59000.0
2026-04-19,Maybelline Rubor Líquido Face Sunkisser,$ 36.990,NA,$ 32.990,NA,NA,NA
2026-04-19,Isdin Fusion Water Magic,$ 47.740,NA,$ 44.067,$ 73.445,47739.0,73445.0
2026-04-19,102 Magnesio Citrato Vitaminas Y Minerales Gummies 90 Unidades,,NA,$ 14.526,$ 20.751,16601.0,20751.0
2026-04-19,Serum Ojos Anti Ojeras Glycolic Bright L´Oreal Paris,$ 27.943,NA,$ 25.408,$ 39.090,NA,NA
2026-04-19,Brillo Labial Voluminizador Maybelline Lifter Plump,$ 32.990,NA,$ 31.990,NA,NA,NA
2026-04-19,L'oréal Paris Revitalift Sérum Ácido Hialurónico 30ml,$ 28.194,NA,$ 25.794,$ 42.990,NA,NA
2026-04-19,Agua Micelar Skin Active Con Ácido Salicílico 400ml,$ 14.293,NA,$ 12.993,$ 19.990,NA,NA
2026-04-20,Nivea Sun Tono Medio,$ 19.837,NA,$ 19.837,$ 28.338,21361.0,30515.0
2026-04-20,Vichy Capital Soleil,$ 83.852,NA,$ 54.504,$ 83.852,56627.0,87118.0
2026-04-20,Caviahue Contorno de Ojos,$ 59.000,NA,$ 53.100,$ 59.000,59000.0,59000.0
2026-04-20,Maybelline Rubor Líquido Face Sunkisser,$ 36.990,NA,$ 32.990,NA,NA,NA
2026-04-20,Isdin Fusion Water Magic,$ 73.446,NA,$ 44.067,$ 73.445,47739.0,73445.0
2026-04-20,102 Magnesio Citrato Vitaminas Y Minerales Gummies 90 Unidades,,NA,$ 14.526,$ 20.751,16601.0,20751.0
2026-04-20,Serum Ojos Anti Ojeras Glycolic Bright L´Oreal Paris,$ 27.943,NA,$ 25.408,$ 39.090,NA,NA
2026-04-20,Brillo Labial Voluminizador Maybelline Lifter Plump,$ 32.990,NA,$ 31.990,NA,NA,NA
2026-04-20,L'oréal Paris Revitalift Sérum Ácido Hialurónico 30ml,$ 28.194,NA,$ 25.794,$ 42.990,NA,NA
2026-04-20,Agua Micelar Skin Active Con Ácido Salicílico 400ml,$ 14.293,NA,$ 12.993,$ 19.990,NA,NA
2026-04-21,Nivea Sun Tono Medio,$ 19.837,NA,$ 19.837,$ 28.338,21361.0,30515.0
2026-04-21,Vichy Capital Soleil,$ 83.852,NA,$ 54.504,$ 83.852,56627.0,87118.0
2026-04-21,Caviahue Contorno de Ojos,$ 59.000,NA,$ 53.100,$ 59.000,59000.0,59000.0
2026-04-21,Maybelline Rubor Líquido Face Sunkisser,$ 36.990,NA,$ 32.990,NA,NA,NA
2026-04-21,Isdin Fusion Water Magic,$ 73.446,NA,$ 44.067,$ 73.445,47739.0,73445.0
2026-04-21,102 Magnesio Citrato Vitaminas Y Minerales Gummies 90 Unidades,,NA,$ 14.526,$ 20.751,16601.0,20751.0
2026-04-21,Serum Ojos Anti Ojeras Glycolic Bright L´Oreal Paris,$ 27.943,NA,$ 25.408,$ 39.090,NA,NA
2026-04-21,Brillo Labial Voluminizador Maybelline Lifter Plump,$ 32.990,NA,$ 31.990,NA,NA,NA
2026-04-21,L'oréal Paris Revitalift Sérum Ácido Hialurónico 30ml,$ 28.194,NA,$ 25.794,$ 42.990,NA,NA
2026-04-21,Agua Micelar Skin Active Con Ácido Salicílico 400ml,$ 14.293,NA,$ 12.993,$ 19.990,NA,NA
2026-04-22,Nivea Sun Tono Medio,$ 19.837,NA,$ 19.837,$ 28.338,21361.0,30515.0
2026-04-22,Vichy Capital Soleil,$ 83.852,NA,$ 54.504,$ 83.852,56627.0,87118.0
2026-04-22,Caviahue Contorno de Ojos,$ 59.000,NA,$ 53.100,$ 59.000,59000.0,59000.0
2026-04-22,Maybelline Rubor Líquido Face Sunkisser,$ 36.990,NA,$ 36.990,NA,NA,NA
2026-04-22,Isdin Fusion Water Magic,NA,NA,$ 44.067,$ 73.445,47739.0,73445.0
2026-04-22,102 Magnesio Citrato Vitaminas Y Minerales Gummies 90 Unidades,NA,NA,$ 14.526,$ 20.751,16601.0,20751.0
2026-04-22,Serum Ojos Anti Ojeras Glycolic Bright L´Oreal Paris,$ 27.943,NA,$ 25.408,$ 39.090,NA,NA
2026-04-22,Brillo Labial Voluminizador Maybelline Lifter Plump,$ 32.990,NA,$ 32.990,NA,NA,NA
2026-04-22,L'oréal Paris Revitalift Sérum Ácido Hialurónico 30ml,NA,NA,$ 25.794,$ 42.990,NA,NA
2026-04-22,Agua Micelar Skin Active Con Ácido Salicílico 400ml,$ 30.288,NA,$ 12.993,$ 19.990,NA,NA
2026-04-23,Nivea Sun Tono Medio,$ 19.837,NA,$ 19.837,$ 28.338,21361.0,30515.0
2026-04-23,Vichy Capital Soleil,$ 83.852,NA,$ 54.504,$ 83.852,56627.0,87118.0
2026-04-23,Caviahue Contorno de Ojos,$ 59.000,NA,$ 53.100,$ 59.000,59000.0,59000.0
2026-04-23,Maybelline Rubor Líquido Face Sunkisser,$ 36.990,NA,$ 36.990,NA,NA,NA
2026-04-23,Isdin Fusion Water Magic,$ 73.446,NA,$ 44.067,$ 73.445,47739.0,73445.0
2026-04-23,102 Magnesio Citrato Vitaminas Y Minerales Gummies 90 Unidades,NA,NA,$ 14.526,$ 20.751,16601.0,20751.0
2026-04-23,Serum Ojos Anti Ojeras Glycolic Bright L´Oreal Paris,$ 27.943,NA,$ 25.408,$ 39.090,NA,NA
2026-04-23,Brillo Labial Voluminizador Maybelline Lifter Plump,$ 32.990,NA,$ 32.990,NA,NA,NA
2026-04-23,L'oréal Paris Revitalift Sérum Ácido Hialurónico 30ml,NA,NA,$ 25.794,$ 42.990,NA,NA
2026-04-23,Agua Micelar Skin Active Con Ácido Salicílico 400ml,,NA,$ 12.993,$ 19.990,NA,NA
2026-04-24,Nivea Sun Tono Medio,$ 19.837,NA,$ 19.837,$ 28.338,21361.0,30515.0
2026-04-24,Vichy Capital Soleil,$ 83.852,NA,$ 54.504,$ 83.852,87118.0,87118.0
2026-04-24,Caviahue Contorno de Ojos,$ 59.000,NA,$ 53.100,$ 59.000,59000.0,59000.0
2026-04-24,Maybelline Rubor Líquido Face Sunkisser,$ 36.990,NA,$ 36.990,NA,NA,NA
2026-04-24,Isdin Fusion Water Magic,$ 73.446,NA,$ 44.067,$ 73.445,73445.0,73445.0
2026-04-24,102 Magnesio Citrato Vitaminas Y Minerales Gummies 90 Unidades,,NA,$ 14.526,$ 20.751,16601.0,20751.0
2026-04-24,Serum Ojos Anti Ojeras Glycolic Bright L´Oreal Paris,$ 27.943,NA,$ 25.408,$ 39.090,NA,NA
2026-04-24,Brillo Labial Voluminizador Maybelline Lifter Plump,$ 32.990,NA,$ 32.990,NA,NA,NA
2026-04-24,L'oréal Paris Revitalift Sérum Ácido Hialurónico 30ml,$ 23.990,NA,$ 25.794,$ 42.990,NA,NA
2026-04-24,Agua Micelar Skin Active Con Ácido Salicílico 400ml,$ 19.990,NA,$ 12.993,$ 19.990,NA,NA
2026-04-25,Nivea Sun Tono Medio,$ 19.837,NA,$ 19.837,$ 28.338,21361.0,30515.0
2026-04-25,Vichy Capital Soleil,$ 83.852,NA,$ 83.852,NA,87118.0,87118.0
2026-04-25,Caviahue Contorno de Ojos,$ 59.000,NA,$ 53.100,$ 59.000,59000.0,59000.0
2026-04-25,Maybelline Rubor Líquido Face Sunkisser,$ 36.990,NA,$ 36.990,NA,NA,NA
2026-04-25,Isdin Fusion Water Magic,$ 73.446,NA,$ 66.100,$ 73.445,73445.0,73445.0
2026-04-25,102 Magnesio Citrato Vitaminas Y Minerales Gummies 90 Unidades,,NA,$ 14.526,$ 20.751,16601.0,20751.0
2026-04-25,Serum Ojos Anti Ojeras Glycolic Bright L´Oreal Paris,$ 27.943,NA,$ 25.408,$ 39.090,NA,NA
2026-04-25,Brillo Labial Voluminizador Maybelline Lifter Plump,$ 32.990,NA,$ 32.990,NA,NA,NA
2026-04-25,L'oréal Paris Revitalift Sérum Ácido Hialurónico 30ml,NA,NA,$ 25.794,$ 42.990,NA,NA
2026-04-25,Agua Micelar Skin Active Con Ácido Salicílico 400ml,NA,NA,$ 12.993,$ 19.990,NA,NA
2026-04-26,Nivea Sun Tono Medio,$ 19.837,NA,$ 19.837,$ 28.338,21361.0,30515.0
2026-04-26,Vichy Capital Soleil,$ 83.852,NA,$ 83.852,NA,87118.0,87118.0
2026-04-26,Caviahue Contorno de Ojos,$ 59.000,NA,$ 53.100,$ 59.000,59000.0,59000.0
2026-04-26,Maybelline Rubor Líquido Face Sunkisser,$ 36.990,NA,$ 36.990,NA,NA,NA
2026-04-26,Isdin Fusion Water Magic,$ 73.446,NA,$ 66.100,$ 73.445,73445.0,73445.0
2026-04-26,102 Magnesio Citrato Vitaminas Y Minerales Gummies 90 Unidades,,NA,$ 14.526,$ 20.751,16601.0,20751.0
2026-04-26,Serum Ojos Anti Ojeras Glycolic Bright L´Oreal Paris,$ 27.943,NA,$ 25.408,$ 39.090,NA,NA
2026-04-26,Brillo Labial Voluminizador Maybelline Lifter Plump,$ 32.990,NA,$ 32.990,NA,NA,NA
2026-04-26,L'oréal Paris Revitalift Sérum Ácido Hialurónico 30ml,NA,NA,$ 25.794,$ 42.990,NA,NA
2026-04-26,Agua Micelar Skin Active Con Ácido Salicílico 400ml,$ 8.614,NA,$ 12.993,$ 19.990,NA,NA
2026-04-27,Nivea Sun Tono Medio,$ 28.339,NA,$ 19.837,$ 28.338,21361.0,30515.0
2026-04-27,Vichy Capital Soleil,$ 83.852,NA,$ 83.852,NA,87118.0,87118.0
2026-04-27,Caviahue Contorno de Ojos,$ 59.000,NA,$ 53.100,$ 59.000,59000.0,59000.0
2026-04-27,Maybelline Rubor Líquido Face Sunkisser,$ 36.990,NA,$ 36.990,NA,NA,NA
2026-04-27,Isdin Fusion Water Magic,$ 73.446,NA,$ 66.100,$ 73.445,73445.0,73445.0
2026-04-27,102 Magnesio Citrato Vitaminas Y Minerales Gummies 90 Unidades,,NA,$ 14.526,$ 20.751,16601.0,20751.0
2026-04-27,Serum Ojos Anti Ojeras Glycolic Bright L´Oreal Paris,$ 27.943,NA,$ 25.408,$ 39.090,NA,NA
2026-04-27,Brillo Labial Voluminizador Maybelline Lifter Plump,$ 32.990,NA,$ 32.990,NA,NA,NA
2026-04-27,L'oréal Paris Revitalift Sérum Ácido Hialurónico 30ml,$ 71.000,NA,$ 25.794,$ 42.990,NA,NA
2026-04-27,Agua Micelar Skin Active Con Ácido Salicílico 400ml,$ 14.390,NA,$ 12.993,$ 19.990,NA,NA
2026-04-28,Nivea Sun Tono Medio,$ 28.339,NA,$ 19.837,$ 28.338,21361.0,30515.0
2026-04-28,Vichy Capital Soleil,$ 83.852,NA,$ 83.852,NA,87118.0,87118.0
2026-04-28,Caviahue Contorno de Ojos,$ 59.000,NA,$ 53.100,$ 59.000,59000.0,59000.0
2026-04-28,Maybelline Rubor Líquido Face Sunkisser,$ 36.990,NA,$ 36.990,NA,NA,NA
2026-04-28,Isdin Fusion Water Magic,$ 73.446,NA,$ 66.100,$ 73.445,73445.0,73445.0
2026-04-28,102 Magnesio Citrato Vitaminas Y Minerales Gummies 90 Unidades,,NA,$ 14.526,$ 20.751,16601.0,20751.0
2026-04-28,Serum Ojos Anti Ojeras Glycolic Bright L´Oreal Paris,$ 27.943,NA,$ 25.408,$ 39.090,NA,NA
2026-04-28,Brillo Labial Voluminizador Maybelline Lifter Plump,$ 32.990,NA,$ 32.990,NA,NA,NA
2026-04-28,L'oréal Paris Revitalift Sérum Ácido Hialurónico 30ml,$ 42.990,NA,$ 25.794,$ 42.990,NA,NA
2026-04-28,Agua Micelar Skin Active Con Ácido Salicílico 400ml,NA,NA,$ 12.993,$ 19.990,NA,NA
2026-04-29,Nivea Sun Tono Medio,$ 28.339,NA,$ 19.837,$ 28.338,21361.0,30515.0
2026-04-29,Vichy Capital Soleil,$ 83.852,NA,$ 83.852,NA,87118.0,87118.0
2026-04-29,Caviahue Contorno de Ojos,$ 59.000,NA,$ 53.100,$ 59.000,59000.0,59000.0
2026-04-29,Maybelline Rubor Líquido Face Sunkisser,$ 36.990,NA,$ 36.990,NA,NA,NA
2026-04-29,Isdin Fusion Water Magic,$ 73.446,NA,$ 66.100,$ 73.445,73445.0,73445.0
2026-04-29,102 Magnesio Citrato Vitaminas Y Minerales Gummies 90 Unidades,,NA,$ 14.526,$ 20.751,16601.0,20751.0
2026-04-29,Serum Ojos Anti Ojeras Glycolic Bright L´Oreal Paris,$ 27.943,NA,$ 25.408,$ 39.090,NA,NA
2026-04-29,Brillo Labial Voluminizador Maybelline Lifter Plump,$ 32.990,NA,$ 32.990,NA,NA,NA
2026-04-29,L'oréal Paris Revitalift Sérum Ácido Hialurónico 30ml,$ 35.000,NA,$ 25.794,$ 42.990,NA,NA
2026-04-29,Agua Micelar Skin Active Con Ácido Salicílico 400ml,$ 73.469,NA,$ 12.993,$ 19.990,NA,NA
2026-04-30,Nivea Sun Tono Medio,$ 21.254,NA,$ 19.837,$ 28.338,21361.0,30515.0
2026-04-30,Vichy Capital Soleil,$ 83.852,NA,$ 83.852,NA,87118.0,87118.0
2026-04-30,Caviahue Contorno de Ojos,$ 59.000,NA,$ 53.100,$ 59.000,59000.0,59000.0
2026-04-30,Maybelline Rubor Líquido Face Sunkisser,$ 22.194,NA,$ 36.990,NA,NA,NA
2026-04-30,Isdin Fusion Water Magic,$ 73.446,NA,$ 66.100,$ 73.445,73445.0,73445.0
2026-04-30,102 Magnesio Citrato Vitaminas Y Minerales Gummies 90 Unidades,$ 16.599,NA,$ 14.526,$ 20.751,16601.0,20751.0
2026-04-30,Serum Ojos Anti Ojeras Glycolic Bright L´Oreal Paris,$ 42.990,NA,$ 25.408,$ 39.090,NA,NA
2026-04-30,Brillo Labial Voluminizador Maybelline Lifter Plump,$ 32.990,NA,$ 32.990,NA,NA,NA
2026-04-30,L'oréal Paris Revitalift Sérum Ácido Hialurónico 30ml,$ 28.194,NA,$ 25.794,$ 42.990,NA,NA
2026-04-30,Agua Micelar Skin Active Con Ácido Salicílico 400ml,$ 14.293,NA,$ 12.993,$ 19.990,NA,NA
2026-05-01,Nivea Sun Tono Medio,$ 21.254,NA,$ 28.338,NA,21361.0,30515.0
2026-05-01,Vichy Capital Soleil,$ 83.852,NA,$ 83.852,NA,87118.0,87118.0
2026-05-01,Caviahue Contorno de Ojos,$ 41.300,NA,$ 59.000,NA,41299.0,59000.0
2026-05-01,Maybelline Rubor Líquido Face Sunkisser,$ 32.995,NA,$ 36.990,NA,NA,NA
2026-05-01,Isdin Fusion Water Magic,$ 47.740,NA,$ 73.445,NA,73445.0,73445.0
2026-05-01,102 Magnesio Citrato Vitaminas Y Minerales Gummies 90 Unidades,$ 16.599,NA,$ 20.751,NA,16601.0,20751.0
2026-05-01,Serum Ojos Anti Ojeras Glycolic Bright L´Oreal Paris,$ 42.990,NA,$ 39.090,NA,NA,NA
2026-05-01,Brillo Labial Voluminizador Maybelline Lifter Plump,$ 32.990,NA,$ 32.990,NA,NA,NA
2026-05-01,L'oréal Paris Revitalift Sérum Ácido Hialurónico 30ml,$ 42.990,NA,$ 42.990,NA,NA,NA
2026-05-01,Agua Micelar Skin Active Con Ácido Salicílico 400ml,$ 12.993,NA,$ 19.990,NA,NA,NA
2026-05-02,Nivea Sun Tono Medio,$ 21.254,NA,$ 28.338,NA,21361.0,30515.0
2026-05-02,Vichy Capital Soleil,$ 83.852,NA,$ 83.852,NA,87118.0,87118.0
2026-05-02,Caviahue Contorno de Ojos,$ 41.300,NA,$ 53.100,$ 59.000,41299.0,59000.0
2026-05-02,Maybelline Rubor Líquido Face Sunkisser,$ 32.995,NA,$ 36.990,NA,NA,NA
2026-05-02,Isdin Fusion Water Magic,$ 47.740,NA,$ 66.100,$ 73.445,73445.0,73445.0
2026-05-02,102 Magnesio Citrato Vitaminas Y Minerales Gummies 90 Unidades,$ 16.599,NA,$ 14.526,$ 20.751,16601.0,20751.0
2026-05-02,Serum Ojos Anti Ojeras Glycolic Bright L´Oreal Paris,$ 42.990,NA,$ 25.408,$ 39.090,NA,NA
2026-05-02,Brillo Labial Voluminizador Maybelline Lifter Plump,$ 32.990,NA,$ 32.990,NA,NA,NA
2026-05-02,L'oréal Paris Revitalift Sérum Ácido Hialurónico 30ml,NA,NA,$ 25.794,$ 42.990,NA,NA
2026-05-02,Agua Micelar Skin Active Con Ácido Salicílico 400ml,$ 12.993,NA,$ 12.993,$ 19.990,NA,NA
2026-05-03,Nivea Sun Tono Medio,$ 21.254,NA,$ 28.338,NA,30515.0,30515.0
2026-05-03,Vichy Capital Soleil,$ 83.852,NA,$ 83.852,NA,87118.0,87118.0
2026-05-03,Caviahue Contorno de Ojos,$ 41.300,NA,$ 53.100,$ 59.000,41299.0,59000.0
2026-05-03,Maybelline Rubor Líquido Face Sunkisser,$ 32.995,NA,$ 36.990,NA,NA,NA
2026-05-03,Isdin Fusion Water Magic,$ 47.740,NA,$ 66.100,$ 73.445,47729.0,73445.0
2026-05-03,102 Magnesio Citrato Vitaminas Y Minerales Gummies 90 Unidades,$ 16.599,NA,$ 14.526,$ 20.751,16601.0,20751.0
2026-05-03,Serum Ojos Anti Ojeras Glycolic Bright L´Oreal Paris,$ 42.990,NA,$ 25.408,$ 39.090,NA,NA
2026-05-03,Brillo Labial Voluminizador Maybelline Lifter Plump,$ 32.990,NA,$ 32.990,NA,NA,NA
2026-05-03,L'oréal Paris Revitalift Sérum Ácido Hialurónico 30ml,$ 42.990,NA,$ 25.794,$ 42.990,NA,NA
2026-05-03,Agua Micelar Skin Active Con Ácido Salicílico 400ml,$ 12.993,NA,$ 14.293,$ 21.990,NA,NA
2026-05-04,Nivea Sun Tono Medio,$ 21.254,NA,$ 28.338,NA,30515.0,30515.0
2026-05-04,Vichy Capital Soleil,$ 83.852,NA,$ 83.852,NA,87118.0,87118.0
2026-05-04,Caviahue Contorno de Ojos,$ 41.300,NA,$ 41.300,$ 59.000,41299.0,59000.0
2026-05-04,Maybelline Rubor Líquido Face Sunkisser,$ 32.995,NA,$ 22.194,$ 36.990,NA,NA
2026-05-04,Isdin Fusion Water Magic,$ 47.740,NA,$ 47.739,$ 73.445,47729.0,73445.0
2026-05-04,102 Magnesio Citrato Vitaminas Y Minerales Gummies 90 Unidades,$ 16.599,NA,$ 20.751,NA,16601.0,20751.0
2026-05-04,Serum Ojos Anti Ojeras Glycolic Bright L´Oreal Paris,$ 42.990,NA,$ 39.090,NA,NA,NA
2026-05-04,Brillo Labial Voluminizador Maybelline Lifter Plump,$ 32.990,NA,$ 32.990,NA,NA,NA
2026-05-04,L'oréal Paris Revitalift Sérum Ácido Hialurónico 30ml,NA,NA,$ 25.794,$ 42.990,NA,NA
2026-05-04,Agua Micelar Skin Active Con Ácido Salicílico 400ml,$ 12.993,NA,$ 14.293,$ 21.990,NA,NA
2026-05-05,Nivea Sun Tono Medio,$ 21.254,NA,$ 28.338,NA,30515.0,30515.0
2026-05-05,Vichy Capital Soleil,$ 83.852,NA,$ 83.852,NA,87118.0,87118.0
2026-05-05,Caviahue Contorno de Ojos,$ 41.300,NA,$ 41.300,$ 59.000,41299.0,59000.0
2026-05-05,Maybelline Rubor Líquido Face Sunkisser,$ 32.995,NA,$ 22.194,$ 36.990,NA,NA
2026-05-05,Isdin Fusion Water Magic,$ 47.740,NA,$ 47.739,$ 73.445,47729.0,73445.0
2026-05-05,102 Magnesio Citrato Vitaminas Y Minerales Gummies 90 Unidades,NA,NA,$ 15.563,$ 20.751,16601.0,20751.0
2026-05-05,Serum Ojos Anti Ojeras Glycolic Bright L´Oreal Paris,$ 42.990,NA,$ 39.090,NA,NA,NA
2026-05-05,Brillo Labial Voluminizador Maybelline Lifter Plump,$ 32.990,NA,$ 32.990,NA,NA,NA
2026-05-05,L'oréal Paris Revitalift Sérum Ácido Hialurónico 30ml,$ 42.990,NA,$ 25.794,$ 42.990,NA,NA
2026-05-05,Agua Micelar Skin Active Con Ácido Salicílico 400ml,$ 12.993,NA,$ 14.293,$ 21.990,NA,NA
2026-05-06,Nivea Sun Tono Medio,$ 21.254,NA,$ 28.338,NA,30515.0,30515.0
2026-05-06,Vichy Capital Soleil,$ 83.852,NA,$ 83.852,NA,87118.0,87118.0
2026-05-06,Caviahue Contorno de Ojos,$ 41.300,NA,$ 35.400,$ 59.000,41299.0,59000.0
2026-05-06,Maybelline Rubor Líquido Face Sunkisser,$ 32.995,NA,$ 22.194,$ 36.990,NA,NA
2026-05-06,Isdin Fusion Water Magic,$ 47.740,NA,$ 47.739,$ 73.445,47729.0,73445.0
2026-05-06,102 Magnesio Citrato Vitaminas Y Minerales Gummies 90 Unidades,$ 16.599,NA,$ 15.563,$ 20.751,16601.0,21166.0
2026-05-06,Serum Ojos Anti Ojeras Glycolic Bright L´Oreal Paris,$ 42.990,NA,$ 39.090,NA,NA,NA
2026-05-06,Brillo Labial Voluminizador Maybelline Lifter Plump,$ 32.990,NA,$ 32.990,NA,NA,NA
2026-05-06,L'oréal Paris Revitalift Sérum Ácido Hialurónico 30ml,$ 42.990,NA,$ 25.794,$ 42.990,NA,NA
2026-05-06,Agua Micelar Skin Active Con Ácido Salicílico 400ml,$ 12.993,NA,$ 14.293,$ 21.990,NA,NA
2026-05-07,Nivea Sun Tono Medio,$ 21.254,NA,$ 28.338,NA,30515.0,30515.0
2026-05-07,Vichy Capital Soleil,$ 83.852,NA,$ 83.852,NA,87118.0,87118.0
2026-05-07,Caviahue Contorno de Ojos,$ 41.300,NA,$ 35.400,$ 59.000,41299.0,59000.0
2026-05-07,Maybelline Rubor Líquido Face Sunkisser,$ 19.797,NA,$ 22.194,$ 36.990,NA,NA
2026-05-07,Isdin Fusion Water Magic,$ 47.740,NA,$ 47.739,$ 73.445,47729.0,73445.0
2026-05-07,102 Magnesio Citrato Vitaminas Y Minerales Gummies 90 Unidades,$ 16.599,NA,$ 15.563,$ 20.751,17780.0,21166.0
2026-05-07,Serum Ojos Anti Ojeras Glycolic Bright L´Oreal Paris,$ 42.990,NA,$ 39.090,NA,NA,NA
2026-05-07,Brillo Labial Voluminizador Maybelline Lifter Plump,$ 32.990,NA,$ 32.990,NA,NA,NA
2026-05-07,L'oréal Paris Revitalift Sérum Ácido Hialurónico 30ml,$ 42.990,NA,$ 25.794,$ 42.990,NA,NA
2026-05-07,Agua Micelar Skin Active Con Ácido Salicílico 400ml,$ 12.993,NA,$ 14.293,$ 21.990,NA,NA
2026-05-08,Nivea Sun Tono Medio,$ 21.254,NA,$ 28.338,NA,30515.0,30515.0
2026-05-08,Vichy Capital Soleil,$ 83.852,NA,$ 83.852,NA,87118.0,87118.0
2026-05-08,Caviahue Contorno de Ojos,$ 41.300,NA,$ 35.400,$ 59.000,41299.0,59000.0
2026-05-08,Maybelline Rubor Líquido Face Sunkisser,$ 19.797,NA,$ 22.194,$ 36.990,NA,NA
2026-05-08,Isdin Fusion Water Magic,NA,NA,$ 47.739,$ 73.445,47729.0,73445.0
2026-05-08,102 Magnesio Citrato Vitaminas Y Minerales Gummies 90 Unidades,$ 16.599,NA,$ 14.526,$ 20.751,17780.0,21166.0
2026-05-08,Serum Ojos Anti Ojeras Glycolic Bright L´Oreal Paris,$ 42.990,NA,$ 39.090,NA,NA,NA
2026-05-08,Brillo Labial Voluminizador Maybelline Lifter Plump,$ 32.990,NA,$ 32.990,NA,NA,NA
2026-05-08,L'oréal Paris Revitalift Sérum Ácido Hialurónico 30ml,$ 25.794,NA,$ 25.794,$ 42.990,NA,NA
2026-05-08,Agua Micelar Skin Active Con Ácido Salicílico 400ml,$ 12.993,NA,$ 14.293,$ 21.990,NA,NA
2026-05-09,Nivea Sun Tono Medio,$ 21.254,NA,$ 28.338,NA,30515.0,30515.0
2026-05-09,Vichy Capital Soleil,$ 83.852,NA,$ 83.852,NA,87118.0,87118.0
2026-05-09,Caviahue Contorno de Ojos,$ 41.300,NA,$ 35.400,$ 59.000,41299.0,59000.0
2026-05-09,Maybelline Rubor Líquido Face Sunkisser,$ 22.194,NA,$ 22.194,$ 36.990,NA,NA
2026-05-09,Isdin Fusion Water Magic,$ 47.740,NA,$ 47.739,$ 73.445,47729.0,73445.0
2026-05-09,102 Magnesio Citrato Vitaminas Y Minerales Gummies 90 Unidades,$ 16.599,NA,$ 14.526,$ 20.751,17780.0,21166.0
2026-05-09,Serum Ojos Anti Ojeras Glycolic Bright L´Oreal Paris,$ 42.990,NA,$ 39.090,NA,NA,NA
2026-05-09,Brillo Labial Voluminizador Maybelline Lifter Plump,$ 32.990,NA,$ 32.990,NA,NA,NA
2026-05-09,L'oréal Paris Revitalift Sérum Ácido Hialurónico 30ml,$ 28.194,NA,$ 25.794,$ 42.990,NA,NA
2026-05-09,Agua Micelar Skin Active Con Ácido Salicílico 400ml,$ 14.293,NA,$ 14.293,$ 21.990,NA,NA
2026-05-10,Nivea Sun Tono Medio,$ 21.254,NA,$ 28.338,NA,30515.0,30515.0
2026-05-10,Vichy Capital Soleil,$ 83.852,NA,$ 83.852,NA,47915.0,87118.0
2026-05-10,Caviahue Contorno de Ojos,$ 41.300,NA,$ 35.400,$ 59.000,41299.0,59000.0
2026-05-10,Maybelline Rubor Líquido Face Sunkisser,$ 22.194,NA,$ 22.194,$ 36.990,NA,NA
2026-05-10,Isdin Fusion Water Magic,$ 47.739,NA,$ 47.739,$ 73.445,40385.0,73445.0
2026-05-10,102 Magnesio Citrato Vitaminas Y Minerales Gummies 90 Unidades,$ 16.599,NA,$ 14.526,$ 20.751,14817.0,21166.0
2026-05-10,Serum Ojos Anti Ojeras Glycolic Bright L´Oreal Paris,$ 42.990,NA,NA,NA,NA,NA
2026-05-10,Brillo Labial Voluminizador Maybelline Lifter Plump,$ 32.990,NA,$ 32.990,NA,NA,NA
2026-05-10,L'oréal Paris Revitalift Sérum Ácido Hialurónico 30ml,$ 28.194,NA,NA,NA,NA,NA
2026-05-10,Agua Micelar Skin Active Con Ácido Salicílico 400ml,$ 14.293,NA,NA,NA,NA,NA
2026-05-11,Nivea Sun Tono Medio,$ 17.003,NA,$ 17.003,$ 28.338,30515.0,30515.0
2026-05-11,Vichy Capital Soleil,$ 83.852,NA,$ 67.082,$ 83.852,47915.0,87118.0
2026-05-11,Caviahue Contorno de Ojos,$ 41.300,NA,$ 35.400,$ 59.000,41299.0,59000.0
2026-05-11,Maybelline Rubor Líquido Face Sunkisser,$ 18.495,NA,$ 18.495,$ 36.990,NA,NA
2026-05-11,Isdin Fusion Water Magic,$ 40.395,NA,$ 40.395,$ 73.445,40385.0,73445.0
2026-05-11,102 Magnesio Citrato Vitaminas Y Minerales Gummies 90 Unidades,$ 15.562,NA,$ 13.488,$ 20.751,14817.0,21166.0
2026-05-11,Serum Ojos Anti Ojeras Glycolic Bright L´Oreal Paris,$ 21.495,NA,NA,NA,NA,NA
2026-05-11,Brillo Labial Voluminizador Maybelline Lifter Plump,$ 32.990,NA,$ 32.990,NA,NA,NA
2026-05-11,L'oréal Paris Revitalift Sérum Ácido Hialurónico 30ml,$ 23.495,NA,$ 21.495,$ 42.990,NA,NA
2026-05-11,Agua Micelar Skin Active Con Ácido Salicílico 400ml,$ 21.990,NA,$ 21.990,NA,NA,NA
2026-05-12,Nivea Sun Tono Medio,$ 17.003,NA,$ 17.003,$ 28.338,30515.0,30515.0
2026-05-12,Vichy Capital Soleil,$ 83.852,NA,$ 67.082,$ 83.852,47915.0,87118.0
2026-05-12,Caviahue Contorno de Ojos,$ 41.300,NA,$ 35.400,$ 59.000,41299.0,59000.0
2026-05-12,Maybelline Rubor Líquido Face Sunkisser,$ 18.495,NA,$ 18.495,$ 36.990,NA,NA
2026-05-12,Isdin Fusion Water Magic,$ 36.722,NA,$ 40.395,$ 73.445,40385.0,73445.0
2026-05-12,102 Magnesio Citrato Vitaminas Y Minerales Gummies 90 Unidades,$ 15.562,NA,$ 13.488,$ 20.751,14817.0,21166.0
2026-05-12,Serum Ojos Anti Ojeras Glycolic Bright L´Oreal Paris,$ 21.495,NA,$ 19.545,$ 39.090,NA,NA
2026-05-12,Brillo Labial Voluminizador Maybelline Lifter Plump,$ 32.990,NA,$ 32.990,NA,NA,NA
2026-05-12,L'oréal Paris Revitalift Sérum Ácido Hialurónico 30ml,$ 23.495,NA,NA,NA,NA,NA
2026-05-12,Agua Micelar Skin Active Con Ácido Salicílico 400ml,$ 21.990,NA,$ 21.990,NA,NA,NA
2026-05-13,Nivea Sun Tono Medio,$ 17.003,NA,$ 17.003,$ 28.338,30515.0,30515.0
2026-05-13,Vichy Capital Soleil,$ 83.852,NA,$ 67.082,$ 83.852,47915.0,87118.0
2026-05-13,Caviahue Contorno de Ojos,$ 41.300,NA,$ 35.400,$ 59.000,41299.0,59000.0
2026-05-13,Maybelline Rubor Líquido Face Sunkisser,$ 18.495,NA,$ 18.495,$ 36.990,NA,NA
2026-05-13,Isdin Fusion Water Magic,$ 40.395,NA,$ 40.395,$ 73.445,40385.0,73445.0
2026-05-13,102 Magnesio Citrato Vitaminas Y Minerales Gummies 90 Unidades,$ 15.562,NA,$ 13.488,$ 20.751,14817.0,21166.0
2026-05-13,Serum Ojos Anti Ojeras Glycolic Bright L´Oreal Paris,$ 21.495,NA,$ 21.495,$ 42.990,NA,NA
2026-05-13,Brillo Labial Voluminizador Maybelline Lifter Plump,$ 32.990,NA,$ 32.990,NA,NA,NA
2026-05-13,L'oréal Paris Revitalift Sérum Ácido Hialurónico 30ml,NA,NA,$ 19.997,$ 30.764,NA,NA
2026-05-13,Agua Micelar Skin Active Con Ácido Salicílico 400ml,$ 21.990,NA,$ 21.990,NA,NA,NA
2026-05-14,Nivea Sun Tono Medio,$ 17.003,NA,$ 17.003,$ 28.338,30515.0,30515.0
2026-05-14,Vichy Capital Soleil,$ 83.852,NA,$ 67.082,$ 83.852,47915.0,87118.0
2026-05-14,Caviahue Contorno de Ojos,$ 41.300,NA,$ 35.400,$ 59.000,41299.0,59000.0
2026-05-14,Maybelline Rubor Líquido Face Sunkisser,$ 18.495,NA,$ 18.495,$ 36.990,NA,NA
2026-05-14,Isdin Fusion Water Magic,$ 40.395,NA,$ 40.395,$ 73.445,40385.0,73445.0
2026-05-14,102 Magnesio Citrato Vitaminas Y Minerales Gummies 90 Unidades,$ 15.562,NA,$ 13.488,$ 20.751,14817.0,21166.0
2026-05-14,Serum Ojos Anti Ojeras Glycolic Bright L´Oreal Paris,$ 21.495,NA,$ 21.495,$ 42.990,NA,NA
2026-05-14,Brillo Labial Voluminizador Maybelline Lifter Plump,$ 32.990,NA,$ 32.990,NA,NA,NA
2026-05-14,L'oréal Paris Revitalift Sérum Ácido Hialurónico 30ml,$ 23.495,NA,$ 19.997,$ 30.764,NA,NA
2026-05-14,Agua Micelar Skin Active Con Ácido Salicílico 400ml,$ 21.990,NA,$ 21.990,NA,NA,NA
2026-05-15,Nivea Sun Tono Medio,$ 17.003,NA,$ 17.003,$ 28.338,30515.0,30515.0
2026-05-15,Vichy Capital Soleil,$ 83.852,NA,$ 67.082,$ 83.852,47915.0,87118.0
2026-05-15,Caviahue Contorno de Ojos,$ 41.300,NA,$ 35.400,$ 59.000,41299.0,59000.0
2026-05-15,Maybelline Rubor Líquido Face Sunkisser,$ 18.495,NA,$ 18.495,$ 36.990,NA,NA
2026-05-15,Isdin Fusion Water Magic,$ 40.395,NA,$ 40.395,$ 73.445,40385.0,73445.0
2026-05-15,102 Magnesio Citrato Vitaminas Y Minerales Gummies 90 Unidades,$ 15.562,NA,$ 13.488,$ 20.751,14817.0,21166.0
2026-05-15,Serum Ojos Anti Ojeras Glycolic Bright L´Oreal Paris,$ 21.495,NA,$ 21.495,$ 42.990,NA,NA
2026-05-15,Brillo Labial Voluminizador Maybelline Lifter Plump,$ 32.990,NA,$ 32.990,NA,NA,NA
2026-05-15,L'oréal Paris Revitalift Sérum Ácido Hialurónico 30ml,$ 23.495,NA,$ 19.997,$ 30.764,NA,NA
2026-05-15,Agua Micelar Skin Active Con Ácido Salicílico 400ml,$ 21.990,NA,$ 21.990,NA,NA,NA
2026-05-16,Nivea Sun Tono Medio,$ 17.003,NA,$ 17.003,$ 28.338,18299.0,30515.0
2026-05-16,Vichy Capital Soleil,$ 83.852,NA,$ 67.082,$ 83.852,47915.0,87118.0
2026-05-16,Caviahue Contorno de Ojos,$ 41.300,NA,$ 35.400,$ 59.000,41299.0,59000.0
2026-05-16,Maybelline Rubor Líquido Face Sunkisser,$ 18.495,NA,$ 18.495,$ 36.990,NA,NA
2026-05-16,Isdin Fusion Water Magic,$ 40.395,NA,$ 40.395,$ 73.445,40385.0,73445.0
2026-05-16,102 Magnesio Citrato Vitaminas Y Minerales Gummies 90 Unidades,$ 15.562,NA,$ 13.758,$ 21.166,14817.0,21166.0
2026-05-16,Serum Ojos Anti Ojeras Glycolic Bright L´Oreal Paris,$ 21.495,NA,NA,NA,NA,NA
2026-05-16,Brillo Labial Voluminizador Maybelline Lifter Plump,$ 32.990,NA,$ 32.990,NA,NA,NA
2026-05-16,L'oréal Paris Revitalift Sérum Ácido Hialurónico 30ml,$ 23.495,NA,$ 20.597,$ 31.687,NA,NA
2026-05-16,Agua Micelar Skin Active Con Ácido Salicílico 400ml,$ 21.990,NA,$ 21.990,NA,NA,NA
2026-05-17,Nivea Sun Tono Medio,$ 17.003,NA,$ 17.003,$ 28.338,18299.0,30515.0
2026-05-17,Vichy Capital Soleil,$ 83.852,NA,$ 67.082,$ 83.852,47915.0,87118.0
2026-05-17,Caviahue Contorno de Ojos,$ 41.300,NA,$ 35.400,$ 59.000,41299.0,59000.0
2026-05-17,Maybelline Rubor Líquido Face Sunkisser,$ 18.495,NA,$ 18.495,$ 36.990,NA,NA
2026-05-17,Isdin Fusion Water Magic,$ 40.395,NA,$ 40.395,$ 73.445,40385.0,73445.0
2026-05-17,102 Magnesio Citrato Vitaminas Y Minerales Gummies 90 Unidades,$ 15.562,NA,$ 13.758,$ 21.166,14817.0,21166.0
2026-05-17,Serum Ojos Anti Ojeras Glycolic Bright L´Oreal Paris,$ 21.495,NA,NA,NA,NA,NA
2026-05-17,Brillo Labial Voluminizador Maybelline Lifter Plump,$ 32.990,NA,$ 32.990,NA,NA,NA
2026-05-17,L'oréal Paris Revitalift Sérum Ácido Hialurónico 30ml,$ 23.495,NA,$ 20.597,$ 31.687,NA,NA
2026-05-17,Agua Micelar Skin Active Con Ácido Salicílico 400ml,$ 21.990,NA,$ 21.990,NA,NA,NA
2026-05-18,Nivea Sun Tono Medio,$ 17.003,NA,$ 17.003,$ 28.338,18299.0,30515.0
2026-05-18,Vichy Capital Soleil,$ 83.852,NA,$ 67.082,$ 83.852,47915.0,87118.0
2026-05-18,Caviahue Contorno de Ojos,$ 41.300,NA,$ 35.400,$ 59.000,41299.0,59000.0
2026-05-18,Maybelline Rubor Líquido Face Sunkisser,$ 18.495,NA,$ 18.495,$ 36.990,NA,NA
2026-05-18,Isdin Fusion Water Magic,$ 40.395,NA,$ 40.395,$ 73.445,40385.0,73445.0
2026-05-18,102 Magnesio Citrato Vitaminas Y Minerales Gummies 90 Unidades,$ 15.562,NA,$ 13.758,$ 21.166,14817.0,21166.0
2026-05-18,Serum Ojos Anti Ojeras Glycolic Bright L´Oreal Paris,$ 21.495,NA,NA,NA,NA,NA
2026-05-18,Brillo Labial Voluminizador Maybelline Lifter Plump,$ 32.990,NA,$ 32.990,NA,NA,NA
2026-05-18,L'oréal Paris Revitalift Sérum Ácido Hialurónico 30ml,$ 23.495,NA,$ 20.597,$ 31.687,NA,NA
2026-05-18,Agua Micelar Skin Active Con Ácido Salicílico 400ml,$ 21.990,NA,$ 21.990,NA,NA,NA
2026-05-19,Nivea Sun Tono Medio,$ 21.254,NA,$ 17.003,$ 28.338,18299.0,30515.0
2026-05-19,Vichy Capital Soleil,$ 58.696,NA,$ 67.082,$ 83.852,47915.0,87118.0
2026-05-19,Caviahue Contorno de Ojos,$ 41.300,NA,$ 35.400,$ 59.000,41299.0,59000.0
2026-05-19,Maybelline Rubor Líquido Face Sunkisser,$ 22.194,NA,$ 18.495,$ 36.990,NA,NA
2026-05-19,Isdin Fusion Water Magic,$ 47.740,NA,$ 40.395,$ 73.445,40385.0,73445.0
2026-05-19,102 Magnesio Citrato Vitaminas Y Minerales Gummies 90 Unidades,$ 16.599,NA,$ 14.816,$ 21.166,14817.0,21166.0
2026-05-19,Serum Ojos Anti Ojeras Glycolic Bright L´Oreal Paris,$ 42.990,NA,NA,NA,NA,NA
2026-05-19,Brillo Labial Voluminizador Maybelline Lifter Plump,$ 32.990,NA,$ 32.990,NA,NA,NA
2026-05-19,L'oréal Paris Revitalift Sérum Ácido Hialurónico 30ml,$ 28.194,NA,$ 22.181,$ 31.687,NA,NA
2026-05-19,Agua Micelar Skin Active Con Ácido Salicílico 400ml,$ 14.293,NA,$ 21.990,NA,NA,NA
2026-05-20,Nivea Sun Tono Medio,$ 21.254,NA,$ 28.338,NA,18299.0,30515.0
2026-05-20,Vichy Capital Soleil,$ 58.696,NA,$ 67.082,$ 83.852,47915.0,87118.0
2026-05-20,Caviahue Contorno de Ojos,$ 41.300,NA,$ 35.400,$ 59.000,41299.0,59000.0
2026-05-20,Maybelline Rubor Líquido Face Sunkisser,$ 22.194,NA,$ 36.990,NA,NA,NA
2026-05-20,Isdin Fusion Water Magic,$ 47.740,NA,$ 40.395,$ 73.445,40385.0,73445.0
2026-05-20,102 Magnesio Citrato Vitaminas Y Minerales Gummies 90 Unidades,$ 16.931,NA,$ 14.816,$ 21.166,14817.0,21166.0
2026-05-20,Serum Ojos Anti Ojeras Glycolic Bright L´Oreal Paris,$ 42.990,NA,NA,NA,NA,NA
2026-05-20,Brillo Labial Voluminizador Maybelline Lifter Plump,$ 32.990,NA,$ 32.990,NA,NA,NA
2026-05-20,L'oréal Paris Revitalift Sérum Ácido Hialurónico 30ml,$ 28.194,NA,$ 22.181,$ 31.687,NA,NA
2026-05-20,Agua Micelar Skin Active Con Ácido Salicílico 400ml,$ 14.293,NA,$ 21.990,NA,NA,NA
2026-05-21,Nivea Sun Tono Medio,$ 28.339,NA,$ 28.338,NA,18299.0,30515.0
2026-05-21,Vichy Capital Soleil,$ 58.696,NA,$ 58.696,$ 83.852,60973.0,87118.0
2026-05-21,Caviahue Contorno de Ojos,$ 41.300,NA,NA,NA,41298.0,59000.0
2026-05-21,Maybelline Rubor Líquido Face Sunkisser,$ 22.194,NA,$ 22.194,$ 36.990,NA,NA
2026-05-21,Isdin Fusion Water Magic,$ 47.740,NA,$ 47.739,$ 73.445,47729.0,73445.0
2026-05-21,102 Magnesio Citrato Vitaminas Y Minerales Gummies 90 Unidades,$ 21.164,NA,$ 14.816,$ 21.166,17780.0,21166.0
2026-05-21,Serum Ojos Anti Ojeras Glycolic Bright L´Oreal Paris,$ 42.990,NA,NA,NA,NA,NA
2026-05-21,Brillo Labial Voluminizador Maybelline Lifter Plump,$ 32.990,NA,$ 32.990,NA,NA,NA
2026-05-21,L'oréal Paris Revitalift Sérum Ácido Hialurónico 30ml,NA,NA,$ 28.194,$ 46.990,NA,NA
2026-05-21,Agua Micelar Skin Active Con Ácido Salicílico 400ml,$ 14.293,NA,$ 14.293,$ 21.990,NA,NA
2026-05-22,Nivea Sun Tono Medio,$ 28.339,NA,$ 28.338,NA,30515.0,30515.0
2026-05-22,Vichy Capital Soleil,$ 58.696,NA,$ 58.696,$ 83.852,60973.0,87118.0
2026-05-22,Caviahue Contorno de Ojos,$ 41.300,NA,NA,NA,41298.0,59000.0
2026-05-22,Maybelline Rubor Líquido Face Sunkisser,$ 22.194,NA,$ 22.194,$ 36.990,NA,NA
2026-05-22,Isdin Fusion Water Magic,$ 47.740,NA,$ 47.739,$ 73.445,47729.0,73445.0
2026-05-22,102 Magnesio Citrato Vitaminas Y Minerales Gummies 90 Unidades,$ 21.164,NA,$ 14.816,$ 21.166,17780.0,21166.0
2026-05-22,Serum Ojos Anti Ojeras Glycolic Bright L´Oreal Paris,$ 42.990,NA,NA,NA,NA,NA
2026-05-22,Brillo Labial Voluminizador Maybelline Lifter Plump,$ 32.990,NA,$ 32.990,NA,NA,NA
2026-05-22,L'oréal Paris Revitalift Sérum Ácido Hialurónico 30ml,$ 28.194,NA,$ 28.194,$ 46.990,NA,NA
2026-05-22,Agua Micelar Skin Active Con Ácido Salicílico 400ml,$ 14.293,NA,$ 14.293,$ 21.990,NA,NA
2026-05-23,Nivea Sun Tono Medio,$ 28.339,NA,$ 28.338,NA,30515.0,30515.0
2026-05-23,Vichy Capital Soleil,$ 58.696,NA,$ 58.696,$ 83.852,60973.0,87118.0
2026-05-23,Caviahue Contorno de Ojos,$ 41.300,NA,NA,NA,41298.0,59000.0
2026-05-23,Maybelline Rubor Líquido Face Sunkisser,$ 22.194,NA,$ 22.194,$ 36.990,NA,NA
2026-05-23,Isdin Fusion Water Magic,$ 47.740,NA,$ 47.739,$ 73.445,47729.0,73445.0
2026-05-23,102 Magnesio Citrato Vitaminas Y Minerales Gummies 90 Unidades,$ 21.164,NA,$ 14.816,$ 21.166,17780.0,21166.0
2026-05-23,Serum Ojos Anti Ojeras Glycolic Bright L´Oreal Paris,$ 42.990,NA,$ 42.990,NA,NA,NA
2026-05-23,Brillo Labial Voluminizador Maybelline Lifter Plump,$ 32.990,NA,$ 32.990,NA,NA,NA
2026-05-23,L'oréal Paris Revitalift Sérum Ácido Hialurónico 30ml,$ 28.194,NA,$ 28.194,$ 46.990,NA,NA
2026-05-23,Agua Micelar Skin Active Con Ácido Salicílico 400ml,$ 14.293,NA,$ 14.293,$ 21.990,NA,NA
2026-05-24,Nivea Sun Tono Medio,$ 28.339,NA,$ 28.338,NA,30515.0,30515.0
2026-05-24,Vichy Capital Soleil,$ 58.696,NA,$ 58.696,$ 83.852,60973.0,87118.0
2026-05-24,Caviahue Contorno de Ojos,$ 41.300,NA,NA,NA,41298.0,59000.0
2026-05-24,Maybelline Rubor Líquido Face Sunkisser,$ 22.194,NA,$ 22.194,$ 36.990,NA,NA
2026-05-24,Isdin Fusion Water Magic,$ 47.740,NA,$ 47.739,$ 73.445,47729.0,73445.0
2026-05-24,102 Magnesio Citrato Vitaminas Y Minerales Gummies 90 Unidades,$ 21.164,NA,$ 14.816,$ 21.166,17780.0,21166.0
2026-05-24,Serum Ojos Anti Ojeras Glycolic Bright L´Oreal Paris,$ 42.990,NA,$ 42.990,NA,NA,NA
2026-05-24,Brillo Labial Voluminizador Maybelline Lifter Plump,$ 32.990,NA,$ 32.990,NA,NA,NA
2026-05-24,L'oréal Paris Revitalift Sérum Ácido Hialurónico 30ml,$ 28.194,NA,$ 28.194,$ 46.990,NA,NA
2026-05-24,Agua Micelar Skin Active Con Ácido Salicílico 400ml,$ 14.293,NA,$ 14.293,$ 21.990,NA,NA
2026-05-25,Nivea Sun Tono Medio,$ 28.339,NA,$ 28.338,NA,30515.0,30515.0
2026-05-25,Vichy Capital Soleil,$ 83.852,NA,$ 58.696,$ 83.852,60973.0,87118.0
2026-05-25,Caviahue Contorno de Ojos,$ 41.300,NA,NA,NA,41298.0,59000.0
2026-05-25,Maybelline Rubor Líquido Face Sunkisser,$ 22.194,NA,$ 22.194,$ 36.990,NA,NA
2026-05-25,Isdin Fusion Water Magic,$ 47.740,NA,$ 47.739,$ 73.445,47729.0,73445.0
2026-05-25,102 Magnesio Citrato Vitaminas Y Minerales Gummies 90 Unidades,$ 21.164,NA,$ 14.816,$ 21.166,17780.0,21166.0
2026-05-25,Serum Ojos Anti Ojeras Glycolic Bright L´Oreal Paris,NA,NA,$ 42.990,NA,NA,NA
2026-05-25,Brillo Labial Voluminizador Maybelline Lifter Plump,$ 32.990,NA,$ 32.990,NA,NA,NA
2026-05-25,L'oréal Paris Revitalift Sérum Ácido Hialurónico 30ml,$ 28.194,NA,$ 28.194,$ 46.990,NA,NA
2026-05-25,Agua Micelar Skin Active Con Ácido Salicílico 400ml,$ 14.293,NA,$ 14.293,$ 21.990,NA,NA
2026-05-27,Nivea Sun Tono Medio,$ 28.339,NA,$ 28.338,NA,30515.0,30515.0
2026-05-27,Vichy Capital Soleil,$ 83.852,NA,$ 58.696,$ 83.852,87118.0,87118.0
2026-05-27,Caviahue Contorno de Ojos,$ 41.300,NA,NA,NA,41298.0,59000.0
2026-05-27,Maybelline Rubor Líquido Face Sunkisser,$ 22.194,NA,$ 22.194,$ 36.990,NA,NA
2026-05-27,Isdin Fusion Water Magic,$ 47.740,NA,$ 47.739,$ 73.445,47729.0,73445.0
2026-05-27,102 Magnesio Citrato Vitaminas Y Minerales Gummies 90 Unidades,$ 21.164,NA,$ 14.816,$ 21.166,17780.0,21166.0
2026-05-27,Serum Ojos Anti Ojeras Glycolic Bright L´Oreal Paris,$ 42.990,NA,$ 42.990,NA,NA,NA
2026-05-27,Brillo Labial Voluminizador Maybelline Lifter Plump,$ 32.990,NA,$ 32.990,NA,NA,NA
2026-05-27,L'oréal Paris Revitalift Sérum Ácido Hialurónico 30ml,$ 28.194,NA,$ 28.194,$ 46.990,NA,NA
2026-05-27,Agua Micelar Skin Active Con Ácido Salicílico 400ml,$ 14.293,NA,$ 14.293,$ 21.990,NA,NA
2026-05-28,Nivea Sun Tono Medio,$ 28.339,NA,$ 28.338,NA,30515.0,30515.0
2026-05-28,Vichy Capital Soleil,$ 83.852,NA,$ 58.696,$ 83.852,87118.0,87118.0
2026-05-28,Caviahue Contorno de Ojos,$ 41.300,NA,NA,NA,41298.0,59000.0
2026-05-28,Maybelline Rubor Líquido Face Sunkisser,$ 22.194,NA,$ 22.194,$ 36.990,NA,NA
2026-05-28,Isdin Fusion Water Magic,$ 47.740,NA,$ 47.739,$ 73.445,47729.0,73445.0
2026-05-28,102 Magnesio Citrato Vitaminas Y Minerales Gummies 90 Unidades,$ 21.164,NA,$ 14.816,$ 21.166,17780.0,21166.0
2026-05-28,Serum Ojos Anti Ojeras Glycolic Bright L´Oreal Paris,$ 42.990,NA,$ 42.990,NA,NA,NA
2026-05-28,Brillo Labial Voluminizador Maybelline Lifter Plump,$ 32.990,NA,$ 32.990,NA,NA,NA
2026-05-28,L'oréal Paris Revitalift Sérum Ácido Hialurónico 30ml,$ 28.194,NA,$ 28.194,$ 46.990,NA,NA
2026-05-28,Agua Micelar Skin Active Con Ácido Salicílico 400ml,$ 14.293,NA,$ 14.293,$ 21.990,NA,NA
2026-05-29,Nivea Sun Tono Medio,$ 28.339,NA,$ 28.338,NA,30515.0,30515.0
2026-05-29,Vichy Capital Soleil,$ 83.852,NA,$ 58.696,$ 83.852,87118.0,87118.0
2026-05-29,Caviahue Contorno de Ojos,$ 41.300,NA,NA,NA,41298.0,59000.0
2026-05-29,Maybelline Rubor Líquido Face Sunkisser,$ 22.194,NA,$ 22.194,$ 36.990,NA,NA
2026-05-29,Isdin Fusion Water Magic,$ 47.740,NA,$ 47.739,$ 73.445,47729.0,73445.0
2026-05-29,102 Magnesio Citrato Vitaminas Y Minerales Gummies 90 Unidades,$ 21.164,NA,$ 14.816,$ 21.166,17780.0,21166.0
2026-05-29,Serum Ojos Anti Ojeras Glycolic Bright L´Oreal Paris,$ 42.990,NA,$ 42.990,NA,NA,NA
2026-05-29,Brillo Labial Voluminizador Maybelline Lifter Plump,$ 32.990,NA,$ 32.990,NA,NA,NA
2026-05-29,L'oréal Paris Revitalift Sérum Ácido Hialurónico 30ml,$ 28.194,NA,$ 28.194,$ 46.990,NA,NA
2026-05-29,Agua Micelar Skin Active Con Ácido Salicílico 400ml,$ 14.293,NA,$ 14.293,$ 21.990,NA,NA
2026-05-30,Nivea Sun Tono Medio,$ 28.339,NA,$ 28.338,NA,30515.0,30515.0
2026-05-30,Vichy Capital Soleil,$ 83.852,NA,$ 58.696,$ 83.852,87118.0,87118.0
2026-05-30,Caviahue Contorno de Ojos,$ 59.000,NA,NA,NA,41298.0,59000.0
2026-05-30,Maybelline Rubor Líquido Face Sunkisser,$ 22.194,NA,$ 22.194,$ 36.990,NA,NA
2026-05-30,Isdin Fusion Water Magic,$ 73.446,NA,$ 47.739,$ 73.445,47729.0,73445.0
2026-05-30,102 Magnesio Citrato Vitaminas Y Minerales Gummies 90 Unidades,$ 21.164,NA,$ 14.816,$ 21.166,17780.0,21166.0
2026-05-30,Serum Ojos Anti Ojeras Glycolic Bright L´Oreal Paris,$ 42.990,NA,$ 42.990,NA,NA,NA
2026-05-30,Brillo Labial Voluminizador Maybelline Lifter Plump,$ 32.990,NA,$ 32.990,NA,NA,NA
2026-05-30,L'oréal Paris Revitalift Sérum Ácido Hialurónico 30ml,$ 28.194,NA,$ 28.194,$ 46.990,NA,NA
2026-05-30,Agua Micelar Skin Active Con Ácido Salicílico 400ml,$ 14.293,NA,$ 14.293,$ 21.990,NA,NA
2026-05-31,Nivea Sun Tono Medio,$ 28.339,NA,$ 28.338,NA,30515.0,30515.0
2026-05-31,Vichy Capital Soleil,$ 83.852,NA,$ 58.696,$ 83.852,60973.0,87118.0
2026-05-31,Caviahue Contorno de Ojos,$ 59.000,NA,NA,NA,41298.0,59000.0
2026-05-31,Maybelline Rubor Líquido Face Sunkisser,$ 22.194,NA,$ 22.194,$ 36.990,NA,NA
2026-05-31,Isdin Fusion Water Magic,$ 73.446,NA,$ 47.739,$ 73.445,47724.0,73445.0
2026-05-31,102 Magnesio Citrato Vitaminas Y Minerales Gummies 90 Unidades,$ 21.164,NA,$ 14.816,$ 21.166,17780.0,21166.0
2026-05-31,Serum Ojos Anti Ojeras Glycolic Bright L´Oreal Paris,$ 42.990,NA,$ 42.990,NA,NA,NA
2026-05-31,Brillo Labial Voluminizador Maybelline Lifter Plump,$ 32.990,NA,$ 32.990,NA,NA,NA
2026-05-31,L'oréal Paris Revitalift Sérum Ácido Hialurónico 30ml,$ 28.194,NA,$ 28.194,$ 46.990,NA,NA
2026-05-31,Agua Micelar Skin Active Con Ácido Salicílico 400ml,$ 14.293,NA,$ 14.293,$ 21.990,NA,NA
2026-06-01,Nivea Sun Tono Medio,$ 18.420,NA,$ 18.420,$ 28.338,30515.0,30515.0
2026-06-01,Vichy Capital Soleil,$ 58.696,NA,$ 58.696,$ 83.852,60973.0,87118.0
2026-06-01,Caviahue Contorno de Ojos,$ 41.300,NA,NA,NA,41299.0,59000.0
2026-06-01,Maybelline Rubor Líquido Face Sunkisser,$ 36.990,NA,$ 25.893,$ 36.990,NA,NA
2026-06-01,Isdin Fusion Water Magic,$ 47.740,NA,$ 47.739,$ 73.445,47724.0,73445.0
2026-06-01,102 Magnesio Citrato Vitaminas Y Minerales Gummies 90 Unidades,$ 16.931,NA,$ 15.874,$ 21.166,17780.0,21166.0
2026-06-01,Serum Ojos Anti Ojeras Glycolic Bright L´Oreal Paris,$ 42.990,NA,$ 42.990,NA,NA,NA
2026-06-01,Brillo Labial Voluminizador Maybelline Lifter Plump,$ 23.093,NA,$ 23.093,$ 32.990,NA,NA
2026-06-01,L'oréal Paris Revitalift Sérum Ácido Hialurónico 30ml,$ 28.194,NA,$ 46.990,NA,NA,NA
2026-06-01,Agua Micelar Skin Active Con Ácido Salicílico 400ml,$ 21.990,NA,$ 15.393,$ 21.990,NA,NA
2026-06-02,Nivea Sun Tono Medio,$ 18.420,NA,$ 18.420,$ 28.338,19820.0,30515.0
2026-06-02,Vichy Capital Soleil,$ 58.696,NA,$ 58.696,$ 83.852,60973.0,87118.0
2026-06-02,Caviahue Contorno de Ojos,$ 41.300,NA,NA,NA,41299.0,59000.0
2026-06-02,Maybelline Rubor Líquido Face Sunkisser,$ 36.990,NA,$ 25.893,$ 36.990,NA,NA
2026-06-02,Isdin Fusion Water Magic,NA,NA,$ 47.739,$ 73.445,47724.0,73445.0
2026-06-02,102 Magnesio Citrato Vitaminas Y Minerales Gummies 90 Unidades,$ 16.931,NA,$ 15.874,$ 21.166,17780.0,21166.0
2026-06-02,Serum Ojos Anti Ojeras Glycolic Bright L´Oreal Paris,$ 42.990,NA,$ 42.990,NA,NA,NA
2026-06-02,Brillo Labial Voluminizador Maybelline Lifter Plump,$ 23.093,NA,$ 23.093,$ 32.990,NA,NA
2026-06-02,L'oréal Paris Revitalift Sérum Ácido Hialurónico 30ml,$ 28.194,NA,$ 46.990,NA,NA,NA
2026-06-02,Agua Micelar Skin Active Con Ácido Salicílico 400ml,$ 21.990,NA,$ 15.393,$ 21.990,NA,NA
2026-06-03,Nivea Sun Tono Medio,$ 18.420,NA,$ 18.420,$ 28.338,19820.0,30515.0
2026-06-03,Vichy Capital Soleil,$ 58.696,NA,$ 58.696,$ 83.852,60973.0,87118.0
2026-06-03,Caviahue Contorno de Ojos,$ 41.300,NA,NA,NA,41299.0,59000.0
2026-06-03,Maybelline Rubor Líquido Face Sunkisser,$ 36.990,NA,$ 25.893,$ 36.990,NA,NA
2026-06-03,Isdin Fusion Water Magic,$ 47.740,NA,$ 47.739,$ 73.445,47724.0,73445.0
2026-06-03,102 Magnesio Citrato Vitaminas Y Minerales Gummies 90 Unidades,$ 16.931,NA,$ 15.874,$ 21.166,17780.0,21166.0
2026-06-03,Serum Ojos Anti Ojeras Glycolic Bright L´Oreal Paris,$ 42.990,NA,$ 42.990,NA,NA,NA
2026-06-03,Brillo Labial Voluminizador Maybelline Lifter Plump,$ 23.093,NA,$ 23.093,$ 32.990,NA,NA
2026-06-03,L'oréal Paris Revitalift Sérum Ácido Hialurónico 30ml,$ 28.194,NA,$ 46.990,NA,NA,NA
2026-06-03,Agua Micelar Skin Active Con Ácido Salicílico 400ml,$ 21.990,NA,$ 15.393,$ 21.990,NA,NA
2026-06-04,Nivea Sun Tono Medio,$ 18.420,NA,$ 18.420,$ 28.338,19820.0,30515.0
2026-06-04,Vichy Capital Soleil,$ 58.696,NA,$ 58.696,$ 83.852,60973.0,87118.0
2026-06-04,Caviahue Contorno de Ojos,$ 41.300,NA,NA,NA,41299.0,59000.0
2026-06-04,Maybelline Rubor Líquido Face Sunkisser,$ 36.990,NA,$ 25.893,$ 36.990,NA,NA
2026-06-04,Isdin Fusion Water Magic,$ 47.740,NA,$ 47.739,$ 73.445,47724.0,73445.0
2026-06-04,102 Magnesio Citrato Vitaminas Y Minerales Gummies 90 Unidades,$ 16.931,NA,$ 15.874,$ 21.166,17780.0,21166.0
2026-06-04,Serum Ojos Anti Ojeras Glycolic Bright L´Oreal Paris,$ 42.990,NA,$ 42.990,NA,NA,NA
2026-06-04,Brillo Labial Voluminizador Maybelline Lifter Plump,$ 23.093,NA,$ 23.093,$ 32.990,NA,NA
2026-06-04,L'oréal Paris Revitalift Sérum Ácido Hialurónico 30ml,$ 28.194,NA,$ 46.990,NA,NA,NA
2026-06-04,Agua Micelar Skin Active Con Ácido Salicílico 400ml,$ 15.393,NA,$ 15.393,$ 21.990,NA,NA
2026-06-05,Nivea Sun Tono Medio,$ 18.420,NA,$ 18.420,$ 28.338,19820.0,30515.0
2026-06-05,Vichy Capital Soleil,$ 58.696,NA,$ 58.696,$ 83.852,60973.0,87118.0
2026-06-05,Caviahue Contorno de Ojos,$ 41.300,NA,NA,NA,41299.0,59000.0
2026-06-05,Maybelline Rubor Líquido Face Sunkisser,$ 36.990,NA,$ 25.893,$ 36.990,NA,NA
2026-06-05,Isdin Fusion Water Magic,$ 47.740,NA,$ 47.739,$ 73.445,47724.0,73445.0
2026-06-05,102 Magnesio Citrato Vitaminas Y Minerales Gummies 90 Unidades,$ 16.931,NA,$ 15.874,$ 21.166,17780.0,21166.0
2026-06-05,Serum Ojos Anti Ojeras Glycolic Bright L´Oreal Paris,$ 42.990,NA,$ 42.990,NA,NA,NA
2026-06-05,Brillo Labial Voluminizador Maybelline Lifter Plump,$ 23.093,NA,$ 23.093,$ 32.990,NA,NA
2026-06-05,L'oréal Paris Revitalift Sérum Ácido Hialurónico 30ml,$ 28.194,NA,$ 46.990,NA,NA,NA
2026-06-05,Agua Micelar Skin Active Con Ácido Salicílico 400ml,$ 15.393,NA,$ 15.393,$ 21.990,NA,NA
